Tip,chinese_name,episode,movie_name,ranking,score,score_num
201话/2006年4月4日/高松信司/空知英秋/竹内進二,银魂,201,銀魂,16,8.7,7329
110话/1988年1月8日/田中芳樹/本木久年(1期)、久米一成(2期)、清水恵蔵(3期～),银河英雄传说,110,銀河英雄伝説,15,8.8,1150
164话/1940年2月10日/WilliamHanna(1940–58)JosephBarbera(1940–58/2005)GeneDeitch(1961–62)ChuckJones(1963–67)MauriceNoble(1964–67)AbeLevitow(1965–67)TomRay(1966–67)BenWasham(1966–67),猫和老鼠,164,Tom and Jerry,14,8.8,3508
24话/2014年10月9日/水島努/武蔵野アニメーション/関口可奈味,白箱,24,SHIROBAKO,13,8.8,8750
51话/2011年4月4日,银魂',51,銀魂',12,8.8,7838
101话/1993年10月16日/井上雄彦,灌篮高手,101,スラムダンク,11,8.8,5644
22话/2017年10月14日/新房昭之/羽海野チカ（白泉社ヤングアニマル連載）/杉山延寛,3月的狮子 第二季,22,3月のライオン 第2シリーズ,10,8.8,3061
4话/1999年2月20日/古橋一浩/和月伸宏/柳沢まさひで,浪客剑心 追忆篇,4,るろうに剣心 -明治剣客浪漫譚- 追憶編,9,8.8,3224
2话/1997年7月19日,新世纪福音战士剧场版 Air/真心为你,2,新世紀エヴァンゲリオン劇場版 Air/まごころを、君に,7,8.9,6166
64话/2009年4月5日/入江泰浩/荒川弘（掲載月刊『少年ガンガン』スクウェア・エニックス刊）/菅野宏紀,钢之炼金术师 FULLMETAL ALCHEMIST,64,鋼の錬金術師 FULLMETAL ALCHEMIST,8,8.8,9634
1话/1995年11月18日/押井守/士郎正宗/沖浦啓之,攻壳机动队,1,GHOST IN THE SHELL / 攻殻機動隊,6,8.9,4014
26话/1995年10月4日/庵野秀明/GAINAX/貞本義行,新世纪福音战士,26,新世紀エヴァンゲリオン,5,8.9,12346
24话/2008年10月2日/石原立也/Key/VisualArt's/池田和美,24(22+1+1),2008年10月2日,CLANNAD ～AFTER STORY～,4,9.0,11112
26话/2002年10月1日/神山健治/士郎正宗/下村一,攻壳机动队 STAND ALONE COMPLEX,26,攻殻機動隊 STAND ALONE COMPLEX,3,9.1,4830
26话/2004年1月1日/神山健治/士郎正宗,攻壳机动队 S.A.C. 2nd GIG,26,攻殻機動隊 S.A.C. 2nd GIG,2,9.1,3901
26话/1998年10月23日/渡辺信一郎/矢立肇/川元利浩,星际牛仔,26,カウボーイビバップ,1,9.1,6911
1话/1993年8月7日/押井守,机动警察 和平保卫战,1,機動警察パトレイバー 2 the Movie,24,8.7,949
27话/2007年4月1日/今石洋之/GAINAX/錦織敦史,天元突破 红莲螺岩,27,天元突破グレンラガン,23,8.6,5800
1话/2009年6月27日,福音战士新剧场版：破,1,ヱヴァンゲリヲン新劇場版:破,21,8.6,6658
1话/2010年2月6日/武本康弘/谷川流/池田晶子,凉宫春日的消失,1,涼宮ハルヒの消失,22,8.6,9498
1话/1998年2月28日/今敏/竹内義和,蓝色恐惧,1,PERFECT BLUE,20,8.7,3313
1话/2004年3月6日/押井守,攻壳机动队2 无罪,1,イノセンス,19,8.7,3073
10话/2019年4月28日/諫山創（別冊少年マガジン連載／講談社）,进击的巨人 第三季 Part.2,10,進撃の巨人 Season 3 Part.2,18,8.7,3945
26话/2005年10月22日/長濵博史/漆原友紀/馬越嘉彦,虫师,26,蟲師,17,8.7,6057
11话/2010年4月22日/湯浅政明/森見登美彦/伊東伸高,四叠半神话大系,11,四畳半神話大系,44,8.5,5218
6话/1989年3月25日/高山文彦/矢立肇、富野由悠季/美樹本晴彦,机动战士高达0080 口袋里的战争,6,機動戦士ガンダム0080 ポケットの中の戦争,43,8.5,1836
1话/2008年7月12日/押井守,攻壳机动队2.0,1,GHOST IN THE SHELL / 攻殻機動隊2.0,42,8.5,1664
11话/2013-12-02/JustinRoiland、DanHarmon,瑞克和莫蒂 第一季,11,Rick and Morty Season 1,41,8.5,1320
10话/2016年10月7日/満仲勧/古舘春一（集英社「週刊少年ジャンプ」連載）,排球少年 乌野高校 VS 白鸟泽学园高校,10,ハイキュー!! 烏野高校 VS 白鳥沢学園高校,40,8.5,2081
1话/1986年8月2日/宮崎駿,天空之城,1,天空の城ラピュタ,39,8.5,5695
50话/1985年3月2日/富野由悠季/矢立肇/安彦良和,机动战士Z高达,50,機動戦士Ζガンダム,38,8.5,1490
1999年10月20日/宇田鋼之介（1-278）、志水淳児（131-159）→境宗久（244-372）→宮元宏彰（352-679）→深澤敏則（663-891）、伊藤聡伺（780-782）→長峯達也（780-782、892-）、暮田公平、小牧文（892-）/尾田栄一郎（集英社「週刊少年ジャンプ」連載）/小泉昇（1-425）→久田和也（385-891）→松田翠（780-782、892-）,海贼王,未知,ONE PIECE,37,8.5,6375
3话/1998年3月7日/庵野秀明,新世纪福音战士剧场版 DEATH(TRUE)2/Air/真心为你,3,REVIVAL OF EVANGELION 新世紀エヴァンゲリオン劇場版 DEATH (TRUE)² / Air / まごころを、君に,48,8.4,2596
1话/2006年11月25日/今敏/筒井康隆,盗梦侦探,1,パプリカ,47,8.4,4355
3话/2015年9月26日/佐藤順一/天野こずえ/音地正行,水星领航员 The AVVENIRE,3,ARIA The AVVENIRE,46,8.5,665
12话/2011年1月7日/新房昭之/MagicaQuartet/岸田隆宏,魔法少女小圆,12,魔法少女まどか☆マギカ,45,8.4,14112
12话/2006年6月29日/長井龍雪/羽海野チカ/島村秀一,蜂蜜与四叶草II,12,ハチミツとクローバー II,36,8.5,2491
24话/2005年4月14日/カサヰケンイチ/羽海野チカ/島村秀一,蜂蜜与四叶草,24,ハチミツとクローバー,35,8.5,3426
10话/2014年4月4日/長濵博史/漆原友紀/馬越嘉彦,虫师 续章,10,蟲師 続章,34,8.5,2362
1话/1961年/万籁鸣、唐澄/西游记,大闹天宫,1,大闹天宫,33,8.5,2372
10话/2015-07-26/JustinRoiland、DanHarmon,瑞克和莫蒂 第二季,10,Rick and Morty Season 2,32,8.6,1136
26话/2004年5月19日/渡辺信一郎/Manglobe/中澤一登,混沌武士,26,サムライチャンプルー,31,8.5,4117
10话/2014年10月18日/長濵博史/漆原友紀/馬越嘉彦,虫师 续章 第2期,10,蟲師 続章 第2クール,30,8.6,1881
14话/2008年1月7日/佐藤順一/天野こずえ/古賀誠,水星领航员 第三季,14,ARIA The ORIGINATION,29,8.6,1303
1话/2001年7月28日(FantasiaInternationalFilmFestival)、2002年9月14日(日本)/今敏/本田雄、今敏,千年女优,1,千年女優,28,8.6,4382
25话/2011年4月6日/佐藤卓哉、浜崎博嗣、小林智樹(第25話)/5pb./Nitro+/坂井久太,命运石之门,25,STEINS;GATE,27,8.6,13718
1话/2001年7月20日/宮崎駿,千与千寻,1,千と千尋の神隠し,26,8.6,9389
10话/2017-04-01/JustinRoiland、DanHarmon,瑞克和莫蒂 第三季,10,Rick and Morty Season 3,25,8.6,1066
54话/1999-03-07/中鶴勝祥,数码兽大冒险,54,デジモンアドベンチャー,72,8.3,4286
13话/2012年10月4日,银魂' 延长战,13,銀魂' 延長戦,71,8.3,2540
25话/2006年10月5日/谷口悟朗/木村貴宏,Code Geass 反叛的鲁路修,25,コードギアス 反逆のルルーシュ,70,8.3,9472
51话/2003年4月3日/佐藤順一、平池芳正（第27话以后）,百变之星,51,カレイドスター,69,8.4,879
101话/1985年3月24日/あだち充,棒球英豪,101,タッチ,68,8.3,1217
1话/1984年3月11日/宮崎駿,风之谷,1,風の谷のナウシカ,67,8.3,3785
51话/2003年10月4日/水島精二/荒川弘/伊藤嘉之,钢之炼金术师,51,鋼の錬金術師,66,8.3,5396
62话/1999年10月16日/古橋一浩/冨樫義博,猎人,62,HUNTER×HUNTER,64,8.3,2580
25话/2015年10月3日/古舘春一（集英社「週刊少年ジャンプ」連載）,排球少年 第二季,25,ハイキュー!! セカンドシーズン,65,8.4,2296
74话/2004年4月6日,怪物,74,MONSTER,63,8.4,1830
26话/2011年4月2日/石原立也/あらゐけいいち/西屋太志,日常,26,日常,62,8.3,9345
24话/2015年1月9日/津田尚克/荒木飛呂彦（集英社ジャンプコミックス刊）/小美野雅彦、町田真一（副人物设定、替身设计）、光田史亮（替身设计）,JOJO的奇妙冒险 星尘斗士 埃及篇,24,ジョジョの奇妙な冒険 スターダストクルセイダース エジプト編,61,8.4,4130
12话/2017年1月6日/畠山守（小俣真一）/雲田はるこ（講談社「ITAN」連載）/細居美恵子,昭和元禄落语心中 -助六再临篇-,12,昭和元禄落語心中 -助六再び篇-,60,8.4,1171
1话/1988年3月12日/富野由悠季/富野由悠季/北爪宏幸,机动战士高达 逆袭的夏亚,1,機動戦士ガンダム 逆襲のシャア,59,8.4,1319
1话/2008年8月16日/平尾隆之/奈須きのこ/須藤友徳、高橋タクロヲ,剧场版 空之境界 第五章 矛盾螺旋,1,劇場版 空の境界 第五章 矛盾螺旋,58,8.4,5790
1话/2006年11月24日,攻壳机动队 S.A.C. Solid State Society,1,攻殻機動隊 STAND ALONE COMPLEX Solid State Society,57,8.4,1777
1话/2007年9月21日/佐藤順一/天野こずえ/古賀誠,水星领航员 OVA,1,ARIA The OVA ～ARIETTA～,96,8.3,751
2005年4月15日/善聡一郎（#1-#489）、八鍬新之介（#490-#515）/藤子・F・不二雄/渡辺歩→渡辺歩、富永貞義→丸山宏一、富永貞義→富永貞義→吉田誠、富永貞義→丸山宏一,哆啦A梦,*,ドラえもん,95,8.3,1623
23话/2018年10月2日/三浦しをん『風が強く吹いている』（新潮文庫刊）,强风吹拂,23,風が強く吹いている,94,8.3,2146
13话/2014年7月6日,太空丹迪 第二季,13,スペース☆ダンディ シーズン2,92,8.3,1631
16话/2007年7月26日/大森貴弘/成田良悟/岸田隆宏,永生之酒,16,BACCANO! -バッカーノ!-,91,8.3,5948
1话/2008-06-27/AndrewStanton,机器人总动员,1,Wall·E,90,8.3,3091
6话/1988年10月7日/庵野秀明/岡田斗司夫,飞跃巅峰！,6,トップをねらえ!,89,8.3,2332
13话/2011年7月4日/大森貴弘/緑川ゆき/髙田晃,夏目友人帐 参,13,夏目友人帳 参,88,8.2,5491
10话/2006年2月10日/ところともかず（#1-#4）、田中洋之（#5-#7）、松村やすひろ（#8、#10）、鈴木健一（#9-#10）/平野耕太,皇家国教骑士团 OVA,10,HELLSING OVA,87,8.3,2864
1话/2014年1月4日/長濵博史/漆原友紀/馬越嘉彦,虫师 蚀日之翳,1,蟲師 日蝕む翳,93,8.3,1677
15话/2009年7月3日/新房昭之/西尾維新「化物語」（講談社BOX）/渡辺明夫,化物语,15,化物語,85,8.3,10425
12话/2007年7月12日,物怪,12,モノノ怪,86,8.3,2388
50话/1999年4月9日/富野由悠季/矢立肇、富野由悠季,∀高达,50,∀ガンダム,84,8.3,992
1话/2015年5月16日/長濵博史/漆原友紀/馬越嘉彦,虫师 续章 铃之雫,1,蟲師 鈴の雫,83,8.3,1045
26话/2006年4月2日/佐藤順一/天野こずえ/古賀誠,水星领航员 第二季,26,ARIA The NATURAL,81,8.3,1277
75话/2001年10月10日/西澤晋、神谷純、えんどうてつや/ほったゆみ、小畑健/本橋秀之、関口可奈味、上田美由紀、芝美奈子,棋魂,75,ヒカルの碁,82,8.3,2798
12话/2018年1月4日/京極義昭/あfろ（芳文社「まんがタイムきららフォワード」連載）/佐々木睦美,摇曳露营△,12,ゆるキャン△,120,8.2,4256
13话/2005年10月5日/佐藤順一/天野こずえ/古賀誠,水星领航员,13,ARIA The ANIMATION,119,8.2,1980
12话/2003年8月26日/武本康弘/賀東招二/堀内修,全金属狂潮 校园篇,12,フルメタル・パニック? ふもっふ,118,8.2,4126
8话/2002年1月17日/冨樫義博,猎人 OVA,8,HUNTER×HUNTER,117,8.2,892
1话/1999年8月14日,少女革命剧场版 思春期默示录,1,少女革命ウテナ アドゥレセンス黙示録,116,8.2,929
14话/2015年4月7日/石原立也/武田綾乃（宝島社文庫「響け！ユーフォニアム」シリーズ）/池田晶子,吹响！悠风号,14,響け! ユーフォニアム,115,8.2,6778
6话/2004年11月26日/鶴巻和哉/GAINAX/貞本義行,飞跃巅峰2！,6,トップをねらえ2!,114,8.2,2054
13话/2016年10月5日/石原立也/武田綾乃（宝島社文庫「響け！ユーフォニアム」シリーズ）/池田晶子,吹响！悠风号 第二季,13,響け！ユーフォニアム2,113,8.2,4386
35话/2014年11月7日,日本动画（人）博览会,35,日本アニメ（ーター）見本市,112,8.2,1153
12话/2020年1月5日/湯浅政明/大童澄瞳（小学館「月刊！スピリッツ」連載中）/浅野直之,别对映像研出手！,12,映像研には手を出すな！,111,8.2,2700
26话/2007年5月12日/磯光雄/磯光雄/本田雄,电脑线圈,26,電脳コイル,110,8.2,2635
1话/1988年4月16日/宮崎駿,龙猫,1,となりのトトロ,109,8.2,5088
9话/2020年1月21日/刘慈欣,9,2020年1月21日,我的三体 章北海传,108,8.3,493
14话/2010年4月1日/吉田隆彦,王牌投手 振臂高挥～夏日大会篇～,14,おおきく振りかぶって～夏の大会編～,107,8.2,1151
26话/2007年4月12日,王牌投手 振臂高挥,26,おおきく振りかぶって,106,8.2,1538
22话/2012年4月22日/武本康弘/米澤穂信/西屋太志,冰菓,22,氷菓,105,8.2,11673
1话/1988-03-21/特伟、马克宣/吴山明,山水情,1,山水情,144,8.3,305
25话/2008年10月1日/長井龍雪/竹宮ゆゆこ（アスキー・メディアワークス／電撃文庫）,龙与虎,25,とらドラ!,143,8.1,10128
1话/1999年11月17日/沖浦啓之/西尾鉄也、沖浦啓之,人狼,1,人狼 JIN-ROH,142,8.2,989
1话/2017年4月7日/湯浅政明/森見登美彦（角川文庫刊）,春宵苦短，少女前进吧！,1,夜は短し歩けよ乙女,141,8.1,3129
7话/2017年8月12日/板村智幸/西尾維新/渡辺明夫,终物语（下）,7,終物語(下),140,8.1,2126
99话/2012年4月1日/渡辺歩/小山宙哉（講談社「モーニング」連載中）,宇宙兄弟,99,宇宙兄弟,139,8.2,1265
1话/1999年7月3日/АлександрКонстантиновичПетров/ErnestMillerHemingway,老人与海,1,The Old Man and the Sea,138,8.2,403
24话/2014年4月4日/津田尚克/荒木飛呂彦（集英社ジャンプコミックス刊）/小美野雅彦、町田真一（副人物设定、替身设计）、光田史亮（替身设计）,JOJO的奇妙冒险 星尘斗士,24,ジョジョの奇妙な冒険 スターダストクルセイダース,137,8.1,4417
24话/2006年7月9日/山本裕介/大岩ケンヂ/右凑具央、吉田隆彦,欢迎加入NHK！,24,N・H・Kにようこそ!,136,8.1,3416
20话/2014年8月1日/JohnAoshima/AaronSpringer/JoePitt,怪诞小镇 第二季,20,Gravity Falls Season 2,135,8.3,276
1话/1984年2月11日,福星小子2 绮丽梦中人,1,うる星やつら2 ビューティフル・ドリーマー,134,8.3,316
25话/2011年10月1日,爆漫王。2,25,バクマン。2,133,8.1,3012
153话/1986年2月26日/鳥山明（集英社「週刊少年ジャンプ」連載）,龙珠,153,ドラゴンボール,131,8.2,2629
1话/2009年4月25日/今石洋之/GAINAX・中島かずき/錦織敦史,天元突破红莲螺岩 螺岩篇,1,劇場版 天元突破グレンラガン 螺巌篇,132,8.2,1701
13话/2016年1月8日/畠山守（小俣真一）/雲田はるこ（講談社「ITAN」連載）/細居美恵子,昭和元禄落语心中,13,昭和元禄落語心中,130,8.2,1897
3话/1995年12月23日/森本晃司、岡村天斎、大友克洋,回忆三部曲,3,MEMORIES,129,8.2,1599
25话/2014年4月6日/古舘春一,排球少年,25,ハイキュー!!,128,8.2,3203
13话/2008年7月7日/大森貴弘/緑川ゆき,夏目友人帐,13,夏目友人帳,161,8.1,6179
52话/1983年4月1日/高橋良輔/高橋良輔/塩山紀生,装甲骑兵VOTOMS,52,装甲騎兵ボトムズ,170,8.2,257
11话/1996年1月25日/神田武幸（第1話-第6話）、飯田馬之介（第7話以降）/矢立肇、富野由悠季/川元利浩,机动战士高达 第08MS小队,11,機動戦士ガンダム 第08MS小隊,169,8.1,1652
13话/2009年1月5日/大森貴弘/緑川ゆき/髙田晃,续 夏目友人帐,13,続 夏目友人帳,166,8.1,4585
12话/2018年7月22日/諫山創（別冊少年マガジン連載／講談社）,进击的巨人 第三季,12,進撃の巨人 Season 3,167,8.1,3731
1话/2011年3月26日,攻壳机动队 S.A.C. SSS 3D,1,攻殻機動隊 S.A.C. SOLID STATE SOCIETY 3D,165,8.1,611
1话/1984年7月21日/石黒昇、河森正治/スタジオぬえ/美樹本晴彦,超时空要塞 可曾记得爱,1,超時空要塞マクロス 愛・おぼえていますか,164,8.1,1016
1话/2006年1月27日,攻壳机动队 S.A.C. 2nd GIG 个别的十一人,1,攻殻機動隊 S.A.C. 2nd GIG Individual Eleven,163,8.1,623
1话/2019年4月19日/石原立也/武田綾乃（宝島社文庫「響け！ユーフォニアム」シリーズ）/池田晶子,剧场版 吹响！悠风号～誓言的终章～,1,劇場版 響け！ユーフォニアム～誓いのフィナーレ～,162,8.1,1609
12话/2015年10月4日,一拳超人,12,ワンパンマン,160,8.1,6758
12话/2008年10月6日/大沼心/minori、鏡遊、御影/杉山延寛,悠久之翼2,12,ef - a tale of melodies.,159,8.1,3057
1话/2009年8月8日/瀧沢進介（あおきえい、野中卓也、近藤光、平尾隆之、小船井充）/奈須きのこ/須藤友徳、高橋タクロヲ、小船井充,剧场版 空之境界 第七章 杀人考察（后）,1,劇場版 空の境界 第七章 殺人考察(後),158,8.1,4787
12话/2008年4月10日/湯浅政明/湯浅政明/伊東伸高,海马,12,カイバ,157,8.1,1055
10话/2019年11月10日,瑞克和莫蒂 第四季,10,Rick and Morty Season 4,156,8.3,263
11话/2011年7月7日/亀井幹太/宇仁田ゆみ/山下祐,白兔糖,11,うさぎドロップ,155,8.1,5442
1话/2005年10月23日,攻壳机动队 STAND ALONE COMPLEX 笑面男,1,攻殻機動隊 STAND ALONE COMPLEX the Laughing Man,154,8.2,672
9话/2003年6月3日,黑客帝国动画版,9,The Animatrix,152,8.1,1064
12话/2005年2月7日/大地丙太郎/増田こうすけ（集英社「月刊少年JUMP」连载）,搞笑漫画日和,12,ギャグマンガ日和,195,8.0,3859
70话/1998年4月7日/浅香守生/CLAMP(講談社「なかよし」連載),魔卡少女樱,70,カードキャプターさくら,194,8.0,4593
1话/2013年11月23日,辉夜姬物语,1,かぐや姫の物語,193,8.1,1075
1话/2016年8月26日/新海誠/田中将賀,你的名字。,1,君の名は。,192,8.0,8600
1话/1982年7月10日,传说巨神伊迪安 发动篇,1,伝説巨神イデオン 発動篇,191,8.3,184
1话/2006年1月27日,百变之星 不死鸟传说 ～蕾拉・汉密尔顿物语～,1,カレイドスター Legend of phoenix 〜レイラ・ハミルトン物語〜,189,8.2,316
11话/2014年1月9日/出合小都美/荒川弘/中井準,银之匙 Silver Spoon 第二季,11,銀の匙 Silver Spoon 第2期,187,8.0,2588
51话/2002年2月3日/東堂いづみ（擬人名称）,小魔女DoReMi 大合奏,51,おジャ魔女どれみドッカ～ン!,186,8.3,159
1话/2017年1月6日/尾石達也/西尾維新（『傷物語』講談社BOX）/渡辺明夫、守岡英行,伤物语III 冷血篇,1,傷物語III 冷血篇,188,8.0,2153
13话/2012年1月2日/大森貴弘/緑川ゆき/髙田晃,夏目友人帐 肆,13,夏目友人帳 肆,185,8.0,3609
26话/2006年4月4日/今千秋/竜騎士07/07thExpansion/坂井久太,寒蝉鸣泣之时,26,ひぐらしのなく頃に,184,8.1,6106
26话/2010年10月10日,小马驹G4 第一季,26,My Little Pony: Friendship Is Magic (Season 1),183,8.2,333
16话/1990年11月22日,机动警察 NEW OVA,16,機動警察パトレイバー NEW OVA,182,8.2,285
1话/2012年7月21日/細田守/細田守/貞本義行,狼的孩子雨和雪,1,おおかみこどもの雨と雪,181,8.1,3867
1话/1994年6月15日//罗杰·阿勒斯/罗伯·明可夫,狮子王,1,The Lion King,180,8.1,1757
6话/2015年4月24日,机动战士高达 THE ORIGIN,6,機動戦士ガンダム THE ORIGIN,179,8.1,886
6话/1989年8月5日,祖先大人万万岁,6,御先祖様万々歳!,219,8.1,261
26话/2011年7月7日/錦織敦史/バンダイナムコゲームス/錦織敦史,偶像大师,26,THE iDOLM@STER,218,8.0,3197
25话/2010年10月2日/カサヰケンイチ、秋田谷典昭/小畑健、大場つぐみ/下谷智之,爆漫王。,25,バクマン。,217,8.0,4012
12话/2007年10月6日/大沼心/minori、鏡遊、御影/杉山延寛,悠久之翼,12,ef - a tale of memories.,216,8.0,3509
23话/2007年1月11日/島村秀一,交响情人梦,23,のだめカンタービレ,215,8.0,1819
26话/1996年10月1日/後藤圭二,机动战舰,26,機動戦艦ナデシコ,214,8.0,912
1话/2006年7月15日/細田守/筒井康隆/貞本義行,穿越时空的少女,1,時をかける少女,213,8.0,6643
1话/2008年2月9日/小船井充,剧场版 空之境界 第三章 痛觉残留,1,劇場版 空の境界 第三章 痛覚残留,212,8.0,5203
12话/2017年10月6日/尾崎隆晴/つくみず（新潮社「くらげバンチ」連載）/戸田麻衣,少女终末旅行,12,少女終末旅行,211,8.0,4752
50话/2006年4月5日/浅香守生/矢沢あい,娜娜,50,NANA-ナナ-,210,8.0,1706
22话/2014年10月9日,四月是你的谎言,22,四月は君の嘘,209,8.0,6679
1话/2011年12月3日/山田尚子/かきふらい（芳文社「まんがタイムきらら」連載）/堀口悠紀子,轻音少女 剧场版,1,映画けいおん！,208,8.0,4260
26话/2010年1月7日/大森貴弘/成田良悟/岸田隆宏,无头骑士异闻录,26,デュラララ!!,207,8.0,8309
26话/2011年9月17日,小马驹G4 第二季,26,My Little Pony: Friendship Is Magic : S2,205,8.2,226
1话/2009年8月1日/細田守/細田守/貞本義行,夏日大作战,1,サマーウォーズ,206,8.0,6571
26话/1999年10月6日/谷口悟朗/平井久司,无限的未知,26,無限のリヴァイアス,204,8.0,940
12话/2013年10月7日/川面真也/あっと（月刊コミックアライブ連載/KADOKAWA刊）/大塚舞,悠哉日常大王,12,のんのんびより,243,8.0,4734
28话/2011年3月17日/MTJJ(木头),28,2011年3月17日,罗小黑战记,242,8.0,1352
1话/2010年10月9日/小池健/石井克人,红线,1,REDLINE,241,8.0,1183
12话/2012年1月9日/山内泰延(掲載「ガンガンONLINE」スクウェア・エニックス刊),男子高中生的日常,12,男子高校生の日常,240,8.0,8952
1话/2012年10月13日/宮本幸裕/MagicaQuartet/岸田隆宏、谷口淳一郎,剧场版 魔法少女小圆 剧场版 [后篇] 永远的物语,1,劇場版 魔法少女まどか☆マギカ [後編] 永遠の物語,239,8.0,2523
26话/2007年10月2日/佐藤雄三/福本伸行/高田晴仁,赌博默示录,26,逆境無頼カイジ Ultimate Survivor,238,8.0,2170
26话/2008年10月3日/岸誠二/くぼたまこと/森田和明,天体战士,26,天体戦士サンレッド,237,8.0,1044
26话/2002年8月16日/河本昇悟/伊藤郁子,萩萩公主,26,プリンセスチュチュ,236,8.1,315
8话/2000年1月21日,勇者王GaoGaiGar Final,8,勇者王ガオガイガーFINAL,235,8.2,193
12话/2015年7月6日/川面真也/あっと（月刊コミックアライブ連載/KADOKAWA刊）/大塚舞,悠哉日常大王 Repeat,12,のんのんびより りぴーと,234,8.0,2927
10话/2018年1月5日/湯浅政明/永井豪「デビルマン」,恶魔人 crybaby,10,DEVILMAN crybaby,233,8.0,3675
11话/2013年7月11日/伊藤智彦/荒川弘/中井準,银之匙 Silver Spoon,11,銀の匙 Silver Spoon,232,8.0,3484
21话/2007年9月21日/MichaelDanteDiMartin、BryanKonietzko,降世神通：最后的气宗 第三季,21,Avatar:The Last Airbender Season 3,231,8.1,350
25话/2013年10月3日/今石洋之,斩服少女,25,キルラキル,230,8.0,6084
1话/2003年6月11日/SylvainChomet,疯狂约会美丽都,1,Les triplettes de Belleville,229,8.1,367
43话/1979年4月7日/富野由悠季/矢立肇、富野由悠季/安彦良和,机动战士高达,43,機動戦士ガンダム,228,8.0,1539
13话/2011年1月10日/加藤敏幸/冨樫義博（「レベルE」集英社ジャンプコミックス）,灵异E接触,13,レベルE,268,7.9,2866
25话/2013年4月6日,进击的巨人,25,進撃の巨人,267,7.9,10321
14话/2009年4月2日/山田尚子/かきふらい（芳文社「まんがタイムきらら」連載）/堀口悠紀子,轻音少女,14,けいおん！,266,7.9,9061
13话/2013年7月7日/吉原正行/森見登美彦/川面恒介,有顶天家族,13,有頂天家族,265,7.9,3537
1话/1998年8月8日/佐藤竜雄/後藤圭二,机动战舰 -The prince of darkness-,1,機動戦艦ナデシコ -The prince of darkness-,264,8.0,672
12话/2012年1月7日,日常 ETV版,12,日常 Eテレ版,263,7.9,851
2话/2013年11月27日/新房昭之/蒼樹うめ/伊藤良明,向阳素描 沙英・寻 毕业篇,2,ひだまりスケッチ 沙英・ヒロ 卒業編,262,8.0,366
50话/2009年4月5日/関田修/あだち充/近藤優次,四叶游戏,50,クロスゲーム,261,8.0,744
49话/1992年2月18日/ねぎしひろし/TOlllO（湖川友謙）、佐野浩敏,宇宙骑士BLADE,49,宇宙の騎士テッカマンブレード,259,8.0,479
13话/2015年1月8日/羽原信義/XEBEC,苍穹之法芙娜 EXODUS,13,蒼穹のファフナー EXODUS,258,8.0,833
36话/1982年10月3日/石黒昇/スタジオぬえ,超时空要塞,36,超時空要塞マクロス,257,8.0,818
14话/2011年04月27日,南方公园 第15季,14,South Park Season 15,256,8.1,279
13话/2008年4月3日/水島努/CLAMP/黄瀬和哉,×××HOLiC◆继,13,×××HOLiC◆継,255,7.9,1809
39话/1990年4月13日/樋口真嗣（第23-39話）,蓝宝石之谜,39,ふしぎの海のナディア,254,8.0,953
14话/2012年3月14日,南方公园 第16季,14,South Park Season 16,253,8.1,276
26话/1996年4月5日/渡部高志/神坂一/宮田奈保美,秀逗魔导士NEXT,26,スレイヤーズNEXT,252,8.0,857
13话/2011年3月1日/富岡聡、宮崎あぐり/宮崎あぐり,监狱兔 第四季,13,Usavich Season 4,292,7.9,1269
12话/2018年10月4日/広報広聴課ゾンビ係,佐贺偶像是传奇,12,ゾンビランドサガ,291,7.9,4550
1话/2019年1月12日,1,、,Fate/stay night [Heaven's Feel] II.lost butterfly,290,7.9,2769
224话/2000年4月18日/杉島邦久/高橋和希,游戏王－怪兽之决斗,224话,遊☆戯☆王デュエルモンスターズ,289,7.9,1453
12话/2008年3月17日/大地丙太郎/増田こうすけ（集英社『ジャンプスクエア』連載）,搞笑漫画日和3,12,ギャグマンガ日和3,288,7.9,2087
1话/2000年8月25日,吸血鬼猎人D：妖杀行,1,Vampire Hunter D: Bloodlust,287,7.9,960
26话/1999年10月13日/片山一良/矢立肇、片山一良/さとうけいいち,THE BIG-O,26,THE ビッグオー,286,8.0,466
27话/2010年4月6日/山田尚子/かきふらい（芳文社「まんがタイムきらら」連載）/堀口悠紀子,轻音少女 第二季,27,けいおん！！,285,7.9,6986
1话/2017年11月22日/LeeUnkrich,寻梦环游记,1,Coco,284,7.9,1615
12话/2006年8月5日/大地丙太郎/増田こうすけ（集英社『月刊少年ジャンプ』連載）,搞笑漫画日和2,12,ギャグマンガ日和2,283,7.9,2052
1话/2009年4月9日/AdamElliot,玛丽和马克思,1,Mary and Max,282,8.0,359
1话/1995年7月15日/近藤喜文,侧耳倾听,1,耳をすませば,281,7.9,1961
4话/1994年8月25日/渡辺信一郎/スタジオぬえ、河森正治/摩砂雪,超时空要塞Plus,4,マクロスプラス,280,7.9,680
47话/1989年10月11日/吉永尚之/ヘッドギア,机动警察,47,機動警察パトレイバー,279,8.0,551
13话/2011年10月3日/神戸守/堀田きいち（掲載月刊「Gファンタジー」スクウェア・エニックス刊）/音地正行,少年同盟,13,君と僕。,278,7.9,2426
1话/2008年9月6日/今石洋之/GAINAX・中島かずき/錦織敦史,天元突破红莲螺岩 红莲篇,1,劇場版 天元突破グレンラガン 紅蓮篇,277,7.9,1556
5话/2006年11月29日/今野緒雪/松島晃,圣母在上 第3季,5,マリア様がみてる 3rdシーズン,316,7.9,454
12话/2012年7月1日/岸誠二/田中ロミオ,人类衰退之后,12,人類は衰退しました,315,7.9,4299
12话/2015年4月10日,希德尼娅的骑士 第九惑星战役,12,シドニアの騎士 第九惑星戦役,314,7.9,2387
26话/2001年4月3日,热带雨林的爆笑生活,26,ジャングルはいつもハレのちグゥ,313,7.9,1803
51话/2001年4月1日/中鶴勝祥,数码兽驯兽师,51,デジモンテイマーズ,312,7.9,1261
1话/2017年12月9日/水島努/杉本功,少女与战车 最终章 第1话,1,ガールズ&パンツァー 最終章 第1話,311,7.9,1392
1话/2007年2月17日/羽山淳一/荒木飛呂彦/羽山淳一,JOJO的奇妙冒险 幻影血脉,1,ジョジョの奇妙な冒険 ファントムブラッド,310,7.9,558
1话/2012年7月14日/草川啓造/都築真紀/奥田泰弘,魔法少女奈叶 The MOVIE 2nd A’s,1,魔法少女リリカルなのは The MOVIE 2nd A's,309,7.9,1045
2话/2005年8月28日/石原立也/Key/VisualArt's/荒谷朋恵,AIR 夏季篇,2,AIR IN SUMMER,308,7.9,2485
1话/2007年12月29日/野中卓也/奈須きのこ/須藤友徳,剧场版 空之境界 第二章 杀人考察（前）,1,劇場版 空の境界 第二章 殺人考察(前),307,7.9,4994
13话/1998年7月6日/中村隆太郎/岸田隆宏,玲音,13,Serial Experiments Lain,306,7.9,1691
1话/1999年12月17日/JamesAlgar/GaëtanBrizzi,幻想曲2000,1,Fantasia 2000,305,8.2,93
12话/2018年7月12日/古川知宏/ブシロード、ネルケプラニング/齊田博之,少女☆歌剧 Revue Starlight,12,少女☆歌劇 レヴュースタァライト,304,7.9,4225
12话/2018年7月13日/山川吉樹/押切蓮介（掲載月刊「ビッグガンガン」スクウェア・エニックス刊）/桑波田満（SMDE）,高分少女,12,ハイスコアガール,303,7.9,2071
26话/2003年4月7日/千明孝一/GONZO,最终流放,26,LAST EXILE,302,7.9,1524
1话/2010年4月24日/高松信司/空知英秋/竹内进二,银魂剧场版 新译红樱篇,1,劇場版 銀魂 新訳紅桜篇,301,7.9,2594
22话/2012年10月11日/塩谷直義/浅野恭司,心理测量者,22,PSYCHO-PASS サイコパス,340,7.8,7200
14话/2003年12月21日/金田一莲十郎,热带雨林的爆笑生活FINAL,14,ジャングルはいつもハレのちグゥ FINAL,339,7.9,719
1话/2012年10月6日/宮本幸裕/MagicaQuartet/岸田隆宏、谷口淳一郎,剧场版 魔法少女小圆 剧场版 [前篇] 起始的物语,1,劇場版 魔法少女まどか☆マギカ [前編] 始まりの物語,338,7.8,2394
112话/1992年10月10日/阿部記之/冨樫義博/山沢実（1-15話）、北山真理、大西雅也（16-112話）,幽游白书,112,幽☆遊☆白書,337,7.9,1175
12话/2007年7月19日/浜崎博嗣/南條範夫「駿河城御前試合」／山口貴由（月刊『チャンピオンRED』連載中）/筱雅律,剑豪生死斗,12,シグルイ,336,7.9,580
1话/2013年9月28日/奈須きのこ,剧场版 空之境界 未来福音,1,劇場版 空の境界 未来福音,335,7.8,2790
12话/2005年7月14日/佐藤卓哉/ばらスィー,草莓棉花糖,12,苺ましまろ,334,7.8,2118
26话/2011年4月5日/佐藤雄三/福本伸行/高田晴仁,赌博默示录 破戒录篇,26,逆境無頼カイジ 破戒録篇,333,7.8,1769
12话/2002年8月25日,热带雨林的爆笑生活DELUXE,12,ジャングルはいつもハレのちグゥ デラックス,331,7.9,746
12话/2017年1月10日/たつき/けものフレンズプロジェクト/irodori,兽娘动物园,12,けものフレンズ,332,7.8,3506
12话/2017年4月6日/岸誠二/森田和明,月色真美,12,月がきれい,329,7.9,4377
1话/2016年8月19日/尾石達也/西尾維新（『傷物語』講談社BOX）/渡辺明夫、守岡英行,伤物语II 热血篇,1,傷物語II 熱血篇,330,7.9,2127
13话/2018年1月12日,妖精森林的小不点,13,ハクメイとミコチ,328,7.9,1476
6话/2008年8月1日,夏娃的时间,6,イヴの時間,327,7.9,1934
1话/2009年12月7日/李阳/李阳,李献计历险记,1,李献计历险记,326,7.9,1279
26话/2011年10月30日,星游记,26,星游记,325,7.9,806
1话/2014年4月26日/山田尚子/京都アニメーション/堀口悠紀子,玉子爱情故事,1,たまこラブストーリー,364,7.8,3660
12话/2008年8月8日,重金属摇滚双面人,12,デトロイト・メタル・シティ,363,7.9,578
26话/2015年8月30日（意大利）/横堀久雄,鲁邦三世,26,ルパン三世,362,7.9,459
113话/1978年9月14日/松本零士/荒木伸吾（初期数話のみ）、湖川滋（湖川友謙）（31話からクレジット表記が滋から「友謙」に変更）,银河铁道999,113,銀河鉄道999,361,8.1,108
12话/2017年4月1日/諫山創（別冊少年マガジン連載／講談社）,进击的巨人 第二季,12,進撃の巨人 Season 2,360,7.8,4629
1话/2008年5月24日/滝口禎一/奈須きのこ,剧场版 空之境界 第四章 伽蓝之洞,1,劇場版 空の境界 第四章 伽藍の洞,359,7.8,4750
5话/2010年7月17日/片渕須直/広江礼威（小学館刊『月刊サンデージェネックス』連載）/筱雅律,黑礁 Roberta’s Blood Trail,5,BLACK LAGOON Roberta’s Blood Trail,358,7.8,1837
26话/2004年10月6日/小林治/堀元宣、小林治,摇滚新乐团,26,BECK,357,7.9,522
12话/2007年10月9日/よしもときんじ/木尾士目,现视研2,12,げんしけん2,356,7.8,1610
12话/2019年1月12日/畠山守（小俣真一）/赤坂アカ（集英社「週刊ヤングジャンプ」連載）/八尋裕子,辉夜大小姐想让我告白～天才们的恋爱头脑战～,12,かぐや様は告らせたい～天才たちの恋愛頭脳戦～,355,7.8,6135
13话/2003年10月8日/浅香守生/相田裕,神枪少女,13,GUNSLINGER GIRL,354,7.9,1326
26话/1995年4月7日/渡部高志/神坂一/宮田奈保美,秀逗魔导士,26,スレイヤーズ,353,7.8,1093
1话/1993年5月5日/望月智充/氷室冴子,听到涛声,1,海がきこえる,352,7.8,1224
24话/2006年4月6日/CLAMP,24,2006年4月6日,×××HOLiC,351,7.8,2336
14话/2004年3月3日/冨樫義博,猎人 OVA3,14,HUNTER×HUNTER G・I Final,350,7.9,679
1话/2004年11月20日/宮崎駿/ダイアナ・ウィン・ジョーンズ,哈尔的移动城堡,1,ハウルの動く城,349,7.8,3944
12话/2012年10月4日/新房昭之/蒼樹うめ/伊藤良明,向阳素描×蜂窝,12,ひだまりスケッチ×ハニカム,389,7.8,596
12话/2014年4月10日,希德尼娅的骑士,12,シドニアの騎士,388,7.8,2963
50话/2010年7月3日/大地丙太郎/くるねこ大和（「くるねこ」／エンターブレイン刊）,来来猫 第二季,50,くるねこ Season2,387,7.9,207
13话/2009年1月3日/松島晃,圣母在上 第4季,13,マリア様がみてる 4thシーズン,386,7.9,478
10话/1993年12月21日,怪医黑杰克 OVA,10,ブラック・ジャック OVA,385,8.0,188
13话/1999年1月12日/長岡康史/森岡浩之（ハヤカワ文庫刊）,星界的纹章,13话,星界の紋章,384,7.9,374
39话/2011年4月7日/真下耕一/山田芳裕,战国鬼才传,39,へうげもの,383,7.9,401
49话/2018年2月4日/佐藤順一、座古明史,拥抱！光之美少女,49,HUGっと! プリキュア,382,7.9,301
7话/2010年3月12日/古橋一浩/高橋久美子,机动战士高达UC,7,機動戦士ガンダムUC,381,7.8,2223
1话/2014年1月25日/錦織敦史/バンダイナムコゲームス/錦織敦史,偶像大师 剧场版 向着光辉的彼岸！,1,THE IDOLM@STER MOVIE 輝きの向こう側へ！,380,7.8,1317
24话/2006年10月5日/石原立也/Key/VisualArt's/池田和美,24,2006年10月5日,Kanon,377,7.8,3946
26话/2002年4月8日/錦織博/あずまきよひこ（メディアワークス刊『月刊電撃大王』）/加藤やすひさ,阿滋漫画大王,26,あずまんが大王 THE ANIMATION,378,7.8,1297
12话/2007年7月7日/新房昭之/久米田康治/守岡英行,再见绝望先生,12,さよなら絶望先生,376,7.8,3153
24话/2014年10月8日,寄生兽 生命的准则,24,寄生獣 セイの格率,374,7.8,5335
12话/2016年7月11日/立川譲/ONE（小学館「マンガワン」連載中）/亀田祥倫,灵能百分百,12,モブサイコ100,375,7.8,4797
14话/2010年3月17日,南方公园 第14季,14,South Park Season 14,373,8.0,164
13话/2018年10月5日/仲谷鳰（「月刊コミック電撃大王」連載）,终将成为你,13,やがて君になる,413,7.8,2661
12话/2014年7月5日/橘正紀/ヨシノサツキ/まじろ,元气囝仔,12,ばらかもん,412,7.8,2739
13话/2009年7月4日/新房昭之/久米田康治/守岡英行,忏・再见绝望先生,13,懺・さよなら絶望先生,411,7.8,1695
1话/2005年12月29日/XEBEC/平井久司,苍穹之法芙娜 RIGHT OF LEFT,1,蒼穹のファフナー RIGHT OF LEFT,410,7.8,714
4话/2012年11月7日,RWBY预告片,4,RWBY Trailers,409,7.8,802
12话/2010年1月4日/大地丙太郎/増田こうすけ（集英社『ジャンプスクエア』连载）,搞笑漫画日和＋,12,ギャグマンガ日和＋,408,7.8,1655
13话/2012年11月10日,小马驹G4 第三季,13,My Little Pony: Friendship Is Magic S3,407,7.9,183
13话/2005年10月1日/草川啓造/都築真紀／ivory/奥田泰弘,魔法少女奈叶A's,13,魔法少女リリカルなのはA's,406,7.8,1863
12话/2017年4月9日/吉原正行/森見登美彦(『有頂天家族二代目の帰朝』幻冬舎)/川面恒介,有顶天家族2,12,有頂天家族2,405,7.8,1594
1话/2019年6月15日/水島努/杉本功,少女与战车 最终章 第2话,1,ガールズ&パンツァー 最終章 第2話,404,7.8,629
20话/2005年2月21日/MichaelDanteDiMartino、BryanKonietzko,降世神通：最后的气宗 第一季,20,Avatar:The Last Airbender Season 1,403,7.8,422
13话/1998年8月25日/川越淳/永井豪,真盖塔 世界最后之日,13,真ゲッターロボ 世界最後の日,402,7.8,380
26话/2005年10月4日/佐藤雄三/福本伸行/梅原隆弘,斗牌传说,26,闘牌伝説アカギ 〜闇に舞い降りた天才〜,401,7.8,988
1话/2010年10月16日,你看起来很好吃,1,おまえうまそうだな,400,7.8,1550
"13话/1986年/胡进庆,葛桂云",13,1986年,葫芦兄弟,399,7.8,1926
1话/1989年7月15日/押井守,机动警察 东京毁灭战,1,機動警察パトレイバー the Movie,398,7.8,590
10话/2014年11月3日,花园墙外,10,Over the Garden Wall,437,8.0,128
50话/2009-07-05/大地丙太郎/くるねこ大和「くるねこ」（エンターブレイン刊),来来猫,50,くるねこ,436,7.8,246
13话/2009年7月8日/高橋丈夫/支倉凍砂/小林利充,狼与香辛料 第二季,13,狼と香辛料II,435,7.7,3773
12话/2011年1月4日/柴田由香,好想告诉你 第二季,12,君に届け 2ND SEASON,434,7.7,2719
1话/2001年2月21日,猫汤,1,ねこぢる草,433,7.7,1211
13话/2004年1月7日/今野緒雪/松島晃,圣母在上,13,マリア様がみてる,432,7.8,741
11话/2014年7月10日/塩谷直義,心理测量者 新编集版,11,PSYCHO-PASS サイコパス 新編集版,431,7.8,1432
26话/2015年4月4日,小马驹G4 第五季,26,My Little Pony: Friendship Is Magic : S5,430,7.9,146
5话/1998年12月21日/福田己津央/矢立肇/久行宏和,高智能方程式：SIN,5,新世紀GPXサイバーフォーミュラSIN,429,7.8,349
11话/2011年1月13日/あおきえい/志村貴子/牧野竜一,放浪男孩,11,放浪息子,428,7.8,1871
12话/2020年4月4日/藤原佳幸/冬目景（集英社ヤングジャンプコミックスGJ刊）/谷口淳一郎,昨日之歌,12,イエスタデイをうたって,427,7.8,565
49话/1997年2月1日/米たにヨシトモ/矢立肇/木村貴宏,勇者王GaoGaiGar,49,勇者王ガオガイガー,426,7.8,262
50话/2015年2月1日,Go! Princess 光之美少女,50,Go! プリンセスプリキュア,425,7.9,278
276话/1997-04-01/日高政光/一石小百合,精灵宝可梦,276,ポケットモンスター,424,7.8,1846
11话/2012年1月7日/新房昭之/西尾維新『偽物語』(講談社BOX)/渡辺明夫,伪物语,11,偽物語,423,7.7,6505
11话/2008年10月9日/今千秋/二ノ宮知子/島村秀一,交响情人梦 巴黎篇,11,のだめカンタービレ 巴里編,422,7.8,1192
25话/2009年10月6日/柴田由香,好想告诉你,25,君に届け,463,7.7,3561
1992年4月13日/本郷みつる（#1-#202）、原恵一（#203-#504）、ムトウユージ（#505-）/臼井儀人/小川博司,蜡笔小新,*,クレヨンしんちゃん,462,7.7,739
1话/1982/JanŠvankmajer,对话的维度,1,Moznosti dialogu,461,8.0,101
1话/1981/钱家骏、戴铁郎/胡永凯,1,、,九色鹿,460,7.7,852
14话/2008年7月3日/新房昭之/蒼樹うめ/伊藤良明,向阳素描×365,14,ひだまりスケッチ×365,459,7.7,779
1话/2013年9月28日,剧场版 空之境界 未来福音 extra chorus,1,劇場版 空の境界 未来福音 extra chorus,458,7.7,2096
38话/2014年7月5日/森脇真琴/原将治,美妙天堂,38,プリパラ,456,7.9,151
4话/2013年1月12日,宇宙战舰大和号2199 第四章「银河边境的攻防」,4,宇宙戦艦ヤマト2199 第四章「銀河辺境の攻防」,455,7.9,156
1话/2009-08-04(中国大陆)/2009-05-29(美国),飞屋环游记,1,UP,454,7.7,1910
1话/2000年3月4日/細田守/中鶴勝祥,数码暴龙大冒险 我们的战争游戏,1,デジモンアドベンチャー ぼくらのウォーゲーム!,453,7.7,876
12话/2008年10月5日/あおきえい/瀬川はじめ（月刊「少年エース」連載、角川コミックス・エース刊）/堀内修,食灵-零-,12,喰霊-零-,452,7.7,3530
1话/1989年7月29日/宮崎駿/角野栄子『魔女の宅急便』(福音館書店刊)/近藤勝也,魔女宅急便,1,魔女の宅急便,450,7.7,2565
12话/2010年1月25日/元永慶太郎/西尾維新/川田剛,刀语,12,刀語,451,7.7,2989
13话/1990年6月30日/永丘昭典、牧野滋人、山田勝久、竜大司、水野カズノリ（水野和則）、さかいあきお、川崎博嗣/安田均、水野良,罗德斯岛战记,13,ロードス島戦記,449,7.8,561
14话/2009年3月11日,南方公园 第13季,14,South Park Season 13,448,7.9,157
12话/2010年10月7日/石黒正数（少年画報社、月刊『ヤングキングアワーズ』連載）/山村洋貴,女仆咖啡厅,12,それでも町は廻っている,447,7.7,2289
1话/1988年10月8日/望月智充/まつもと泉,橙路 再回到往日,1,きまぐれオレンジ☆ロード あの日にかえりたい,487,8.0,86
1话/1979年8月4日,银河铁道999 剧场版,1,銀河鉄道999 映画版,486,8.0,86
15话/2007年5月7日,NHK15个动画短片,15,アニ＊クリ15,485,7.7,1329
40话/1979年10月10日,凡尔赛玫瑰,40,ベルサイユのばら,484,7.9,130
2话/2009年11月17日/新房昭之/久米田康治/守岡英行,忏・再见绝望先生 番外地,2,懺・さよなら絶望先生 番外地,483,7.7,666
18话/2019年3月15日/TimMiller,爱、死亡 & 机器人,18,"Love, Death & Robots",482,7.7,1669
155话/1977年10月3日,鲁邦三世 第二期,155,ルパン三世 2nd シリーズ,481,8.1,56
24话/2005年4月12日/山田風太郎,甲贺忍法帖,24,バジリスク ～甲賀忍法帖～,480,7.7,1307
1话/2011年8月13日,幻想万华镜 春雪异变之章,1,幻想万華鏡 春雪異変の章 ～『東方妖々夢』より～,479,7.7,1723
2话/2009年1月23日/佐藤卓哉/ばらスィー,草莓棉花糖 OVA 第2期,2,苺ましまろ encore,478,7.7,939
1话/1988年4月16日/野坂昭如,萤火虫之墓,1,火垂るの墓,477,7.7,2219
12话/2020年4月2日/村野佑太/久米田康治（講談社「月刊少年マガジン」連載）/山本周平,隐瞒之事,12,かくしごと,476,7.7,585
26话/1997年4月4日/渡部高志/神坂一/宮田奈保美,秀逗魔导士TRY,26,スレイヤーズTRY,475,7.7,573
95话/1996年1月10日/古橋一浩/和月伸宏/濱洲英喜→室井ふみえ,浪客剑心,95,るろうに剣心 -明治剣客浪漫譚-,474,7.7,1313
50话/2001年2月4日/東堂いづみ（擬人名称）,大~集合！小魔女DoReMi,50,も〜っと!おジャ魔女どれみ,473,7.9,132
98话/1984年9月17日,变形金刚,98,The Transformers,472,7.9,159
24话/2016年7月10日/桜井弘明/麻生周一「斉木楠雄のΨ難」（集英社ジャンプコミックス刊）/音地正行,齐木楠雄的灾难,24,斉木楠雄のΨ難,511,7.7,4620
193话/1963年1月1日,铁臂阿童木,193,鉄腕アトム,509,7.7,622
1996年1月8日/こだま兼嗣（#1-#118）→山本泰一郎（#119-#332）→佐藤真人（#162、#219、#333-#504）→於地紘仁（#505-#666）→山本泰一郎（#667-#677）→於地紘仁（#678-#679）→山本泰一郎（#680-）/青山剛昌/須藤昌朋(#1-#355)→とみながまり(#219、#263、#356-#504)→須藤昌朋、山中純子(#505-#576)→須藤昌朋(#577-#626)→須藤昌朋、牟田清司(#627-#680)→須藤昌朋(#681-#803)→須藤昌朋、岩井伸之(#804-#870)→須藤昌朋(#871-),名侦探柯南,1996年1月8日,名探偵コナン,510,7.7,4195
18话/1983年9月/查尔斯•舒尔茨,查理布朗和史努比,18,The Charlie Brown and Snoopy Show,508,7.8,235
12话/2012年7月2日/太田雅彦/なもり（一迅社「コミック百合姫」連載）/中島千明,摇曳百合♪♪,12,ゆるゆり♪♪,507,7.7,3612
26话/2005年7月3日/新房昭之/氷川へきる/大田和寛,不可思议的教室,26,ぱにぽにだっしゅ!,506,7.7,747
127话/2008年10月5日/秋山勝仁/レベルファイブ/池田裕治、井ノ上ユウ子,闪电十一人,127,イナズマイレブン,505,7.7,322
13话/2012年4月4日/山本沙代,鲁邦三世 ～名为峰不二子的女人～,13,LUPIN the Third ～峰不二子という女～,504,7.7,1294
12话/2019年7月7日/赤城博昭/山本崇一朗「からかい上手の高木さん」「あしたは土曜日」（小学館「ゲッサン」刊）/高野綾,擅长捉弄的高木同学 第二季,12,からかい上手の高木さん②,503,7.7,1584
1话/2008年7月16日/石原立也/Key/VisualArt's/池田和美,CLANNAD 另一个世界 智代篇,1,CLANNAD もうひとつの世界 智代編,502,7.7,3258
1话/1988年2月6日/石黒昇/田中芳樹,银河英雄传说 我的征途是星辰大海,1,銀河英雄伝説 わが征くは星の大海,501,7.8,150
12话/2016年1月7日/伊藤智彦/三部けい（「ヤングエース」連載）/佐々木啓悟,只有我不存在的城市,12,僕だけがいない街,500,7.7,4556
26话/2009年7月27日/日丸屋秀和「黑塔利亚AxisPowers」（幻冬舍漫画刊）/河南正昭,黑塔利亚 第2期,26,ヘタリア Axis Powers 第2期,499,7.7,1627
12话/2017年4月11日/和田純一/枯野瑛/今西亨,末日时在做什么？有没有空？可以来拯救吗？,12,終末なにしてますか？ 忙しいですか？ 救ってもらっていいですか？,498,7.7,4065
1话/2006年10月1日/庵野秀明/岡田斗司夫,飞跃巅峰！剧场版,1,トップをねらえ! 劇場版,497,7.7,368
13话/2007年10月7日/太田雅彦/桜場コハル/越智信次,南家三姐妹,13,みなみけ,496,7.7,3805
13话/2003年1月25日/車田正美/荒木伸吾、姫野美智,圣斗士星矢 冥王十二宫编,13,聖闘士星矢 冥王ハーデス十二宮編,495,7.7,907
1话/2008年8月2日/押井守/森博嗣/西尾鉄也,空中杀手,1,スカイ・クロラ The Sky Crawlers,535,7.7,1398
11话/2009年4月9日/神山健治/神山健治/森川聡子,东之伊甸,11,東のエデン,534,7.7,3840
1话/2011年3月19日,光之美少女全明星DX3 传达到未来！连结世界☆彩虹之花！,1,映画 プリキュアオールスターズDX3 未来にとどけ！世界をつなぐ☆虹色の花,533,7.8,207
12话/2014年1月11日/石ダテコー太郎,摸索吧！部活剧 再来一个,12,てさぐれ!部活もの あんこーる,532,7.7,618
24话/2007年4月7日/ヤマサキオサム（山崎理）/竹宮惠子,奔向地球,24,地球へ…,531,7.7,313
26话/1998年4月19日/三沢伸/しげの秀一,头文字D,26,頭文字D,530,7.7,1433
1话/2008年5月13日/阿里·福尔曼,和巴什尔跳华尔兹,1,ואלס עם באשיר‎,529,7.9,97
52话/2012年11月12,探险活宝 第五季,52,Adventure Time season 5,528,7.9,88
109话/1984年10月4日/芦田豊雄/武論尊、原哲夫/須田正己,北斗神拳,109,北斗の拳,527,7.7,450
1话/2002年4月20日/原恵一/臼井儀人/末吉裕一郎,蜡笔小新 呼风唤雨！战国大合战,1,クレヨンしんちゃん 嵐を呼ぶ アッパレ!戦国大合戦,526,7.7,275
1话/2020年2月29日/水島努/武蔵野アニメーション/関口可奈味,剧场版 白箱,1,劇場版 SHIROBAKO,525,8.0,77
10话/2001年7月11日/長岡康史/森岡浩之（ハヤカワ文庫刊）,星界的战旗II,10,星界の戦旗II,524,7.7,232
12话/2020年7月/及川啓/渡航（小学館「ガガガ文庫」）/田中雄一,我的青春恋爱物语果然有问题 完,12,やはり俺の青春ラブコメはまちがっている。完,523,7.9,83
1话/1979年5月19日/严定宪、王树忱、徐景达,哪吒闹海,1,哪吒闹海,522,7.7,819
2话/1992年8月/恩田尚之,间之楔,2,間の楔,521,7.7,457
13话/2010年10月3日/新房昭之/中村光/杉山延寛,荒川爆笑团2,13,荒川アンダー ザ ブリッジ×ブリッジ,520,7.7,3186
25话/2017年1月8日/吉成曜/TRIGGER／吉成曜,小魔女学园,25,リトルウィッチアカデミア,559,7.6,4217
1话/1982年3月13日/富野喜幸,机动战士高达 剧场版III 相逢在宇宙,1,機動戦士ガンダムIII めぐりあい宇宙編,558,7.7,290
13话/2015年10月3日/板村智幸/西尾維新『終物語』(講談社BOX)/渡辺明夫,终物语,13,終物語,557,7.6,2852
4话/2012年12月31日/板村智幸/西尾維新/渡辺明夫,猫物语（黑）,4,猫物語(黒),556,7.7,4266
1话/2015年6月19日(美国)2015年10月6日(中国)/PeteDocter,头脑特工队,1,Inside Out,555,7.7,747
49话/2000年2月6日/東堂いづみ（擬人名称）,小魔女DoReMi ♯,49,おジャ魔女どれみ♯,554,7.8,193
12话/2019年1月10日/神戸守/白井カイウ・出水ぽすか（集英社「週刊少年ジャンプ」連載）,约定的梦幻岛,12,約束のネバーランド,553,7.7,3433
39话/1991年7月14日/出﨑統/池田理代子/杉野昭夫,青兰圆舞曲,39,おにいさまへ…,552,7.9,80
26话/2009年1月6日/宍戸淳/杉浦幸次,第一神拳 New Challenger,26,はじめの一歩 New Challenger,551,7.9,104
1话/2003年7月26日,茄子 安达鲁西亚之夏,1,茄子 アンダルシアの夏,550,7.7,254
1话/2004年1月3日/えんどうてつや,棋魂特别篇 迈向北斗杯之路,1,ヒカルの碁スペシャル 北斗杯への道,549,7.7,530
14话/1980/曲建方、靳夕、刘蕙仪、蔡渊澜、金芳玲/孙大衡,阿凡提的故事,14,阿凡提的故事,548,7.7,1047
12话/2017年9月8日,马男波杰克4,12,Bojack Horseman Season 4,547,7.9,94
2话/2005年8月26日/長岡康史/森岡浩之（ハヤカワ文庫刊）,星界的战旗III,2,星界の戦旗III,546,7.8,189
1话/2015年7月3日,小魔女学园 魔法游行,1,リトルウィッチアカデミア 魔法仕掛けのパレード,545,7.6,1794
1话/2017年10月14日/須藤友徳/奈須きのこ／TYPE-MOON,1,／,Fate/stay night [Heaven's Feel] I.presage flower,544,7.7,3517
26话/2006年4月3日/西村純二/小山田風狂子（會川昇）／篠吉祥、美原轟/西田亜沙子,西蒙,26,シムーン,583,7.7,343
52话/1974年1月6日/ヨハンナ・スピリの『アルプスの少女ハイジ』,阿尔卑斯山的少女,52,アルプスの少女ハイジ,582,7.8,120
25话/2002年10月1日,花田少年史,25,花田少年史,581,7.7,268
4话/2010年1月27日/岡村天斎/BONES・岡村天斎,DARKER THAN BLACK -黑之契约者- 外传,4,DARKER THAN BLACK -黒の契約者- 外伝,580,7.6,2546
12话/2018年7月8日/岸誠二/涼川りん（白泉社「ヤングアニマル」連載）/黒澤桂子,来玩游戏吧,12,あそびあそばせ,579,7.6,2275
51话/2015年4月6日,钻石王牌 第二季,51,ダイヤのA -SECOND SEASON-,578,7.7,357
39话/1980年5月8日/富野喜幸(富野由悠季)/矢立肇、富野喜幸(富野由悠季)/湖川友謙,传说巨神伊迪安,39,伝説巨神イデオン,577,7.8,157
51话/1987年4月6日/こだま兼嗣/北条司/神村幸子,城市猎人,51,シティーハンター,576,7.7,273
1话/2009年12月29日/らんてぃ,第四届东方M-1漫才大赛,1,第4回東方M-1ぐらんぷり,575,7.7,298
1话/1994年7月16日/高畑勲/高畑勲,平成狸合战,1,平成狸合戦ぽんぽこ,574,7.6,907
4话/2012年10月13日,宇宙战舰大和号2199 第三章「无尽的航海」,4,宇宙戦艦ヤマト2199 第三章「果てしなき航海」,573,7.8,150
1话/2017年9月27日/渡辺信一郎/村瀬修功,银翼杀手：2022大断电,1,ブレードランナー ブラックアウト 2022,572,7.7,839
1话/2005年8月20日/水島努/黄瀬和哉,×××HOLiC 仲夏夜之梦,1,劇場版×××HOLiC 真夏ノ夜ノ夢,571,7.6,1069
1话/2006年10月1日,飞跃巅峰！飞跃巅峰2！合体剧场版,1,トップをねらえ!&トップをねらえ2! 合体劇場版!!,570,7.7,236
4话/2013年4月13日,宇宙战舰大和号2199 第五章「望乡的银河间空间」,4,宇宙戦艦ヤマト2199 第五章「望郷の銀河間空間」,569,7.8,139
167话/2000年10月16日/池田成（1-44）、青木康直（45-）,犬夜叉,167,犬夜叉,568,7.6,2313
8话/1996年8月1日/福田己津央/矢立肇/久行宏和,高智能方程式：SAGA,8,新世紀GPXサイバーフォーミュラSAGA,607,7.7,292
1话/2001年5月27日/MichaëlDudokdeWit,父与女,1,Father and Daughter,606,7.7,205
24话/2008年10月2日/山内重保/竜の子プロダクション（タツノコプロ）,原罪的卡辛,24,キャシャーンSins,605,7.7,345
4话/1994年9月24日/古橋一浩/藤島康介,逮捕令 OVA,4,逮捕しちゃうぞ,604,7.7,178
51话/2013年4月6日/菱田正和/タカラトミーアーツ／シンソフィア/松浦麻衣,美妙旋律 Rainbow Live,51,プリティーリズム・レインボーライブ,603,7.8,107
1话/2014年7月23日/川面真也/あっと（月刊コミックアライブ連載/KADOKAWA刊）/大塚舞,悠哉日常大王 OAD,1,のんのんびより OAD,602,7.6,1270
12话/2012年10月8日/水島努/杉本功,少女与战车,12,ガールズ&パンツァー,601,7.6,3963
2话/2015年3月6日/畠山守（小俣真一）/雲田はるこ（講談社「ITAN」連載）/細居美恵子,昭和元禄落语心中 OAD,2,昭和元禄落語心中 与太郎放浪編,600,7.7,493
12话/1998年9月26日,银河英雄传说外传 千亿的星辰、千亿的光芒,12,銀河英雄伝説外伝 千僟の星、千僟の光,599,7.9,85
1话/2013-01-29/FrankMiller,蝙蝠侠：黑暗骑士归来（下）,1,"Batman: The Dark Knight Returns, Part 2",598,7.8,149
1话/1993-10-29/亨利·塞利克,圣诞夜惊魂,1,The Nightmare Before Christmas,597,7.7,277
1话/2010年1月23日/草川啓造/都築真紀/奥田泰弘,魔法少女奈叶 The MOVIE 1st,1,魔法少女リリカルなのは The MOVIE 1st,596,7.6,1232
13话/2004年9月11日/西村純二/荒川眞嗣,风人物语,13,風人物語,595,7.7,368
8话/1994年4月1日/福田己津央/矢立肇/吉松孝博,高智能方程式：ZERO,8,新世紀GPXサイバーフォーミュラZERO,594,7.7,316
1话/2012年11月17日/摩砂雪、前田真宏、鶴巻和哉/庵野秀明/貞本義行,福音战士新剧场版：Q,1,ヱヴァンゲリヲン新劇場版:Q,593,7.6,3852
1话/2016年10月18日/赤井俊文/PorterRobinson,避难所,1,SHELTER,592,7.6,1478
13话/1997-08-13,南方公园 第1季,13,South Park Season 1,631,7.7,226
26话/2003年10月2日/桜井弘明/野中英次/音地正行,魁！！库洛马迪高校,26,魁!!クロマティ高校,630,7.7,252
13话/2014-06-27,科拉传奇 第三季：易,13,The Legend of Korra Book 3: Change,629,7.8,110
11话/2009年10月15日/中村健治/奥田英朗『イン・ザ・プール』、『空中ブランコ』、『町長選挙』/橋本敬史,空中秋千,11,空中ブランコ,628,7.6,561
6话/1992年11月1日/福田己津央/矢立肇/吉松孝博,高智能方程式：Cyber Formula 11,6,新世紀GPXサイバーフォーミュラ11,627,7.7,299
1话/1960年/特伟、钱家骏、唐澄,小蝌蚪找妈妈,1,小蝌蚪找妈妈,626,7.6,567
1话/2016年9月23日/川面真也/あっと（月刊コミックアライブ連載/KADOKAWA刊）/大塚舞,悠哉日常大王 Repeat OAD,1,のんのんびより りぴーと OAD,625,7.6,807
13话/2008年1月5日/西村純二/La'cryma/関口可奈味,真实之泪,13,true tears,624,7.6,3990
1话/1989年3月11日/やまざきかずお/永野護,五星物语 剧场版,1,ファイブスター物語,623,7.6,418
20话/1999-05-01/StephenHillenburg,海绵宝宝第一季,20,SpongeBob SquarePants Season 1,622,7.6,649
12话/2012年4月14日,科拉传奇 第一季：气和,12,The Legend of Korra Book 1: Air,621,7.7,277
18话/1989年4月15日/芝山努/中嶋敦子,乱马1/2,18,らんま1/2,620,7.6,874
1话/2010-06-16(中国大陆)/2010-06-18(美国)/LeeUnkrich,玩具总动员3,1,Toy Story 3,619,7.6,739
1995年1月8日,樱桃小丸子,*,ちびまる子ちゃん,618,7.6,840
1话/2005年5月28日/富野由悠季/富野由悠季/安彦良和,机动战士Z高达 星之继承者,1,機動戦士Zガンダム -星を継ぐ者-,617,7.6,465
1话/2019年10月19日,电影 STAR☆TWINKLE 光之美少女 满怀想念的星之歌,1,映画 スター トゥインクルプリキュア 星のうたに想いをこめて,616,7.9,77
4话/2013年8月24日,宇宙战舰大和号2199 第七章「战舰继续前进」,4,宇宙戦艦ヤマト2199 第七章「そして艦は行く」,655,7.7,118
13话/2017年12月31日/三浦貴博・佐藤哲人/TAa／TYPE-MOON,卫宫家今天的饭,13,衛宮さんちの今日のごはん,654,7.6,2462
3话/2007年11月16日/多田俊介/CLAMP/菊地洋子,翼·年代记 东京默示录,3,ツバサ TOKYO REVELATIONS,653,7.6,827
13话/2010年4月4日/平池芳正/高津カリノ/足立慎吾,迷糊餐厅,13,WORKING!!,652,7.6,4284
12话/2016年4月9日/桜美かつし/石塚千尋「ふらいんぐうぃっち」（別冊少年マガジン/講談社）/安野将人,飞翔的魔女,12,ふらいんぐうぃっち,651,7.6,2341
13话/2000年4月14日/長岡康史/森岡浩之（ハヤカワ文庫刊）,星界的战旗,13,星界の戦旗,650,7.7,270
1话/2013年3月9日/安藤真裕/P.A.WORKS,花开伊吕波 HOME SWEET HOME,1,花咲くいろは HOME SWEET HOME,649,7.6,1994
25话/2009年4月5日/小野学/小林立/佐々木政勝,天才麻将少女,25,咲-Saki-,648,7.6,3624
10话/1990-09/顾汉昌、强小柏、查侃/郑渊洁,魔方大厦,10,魔方大厦,647,7.6,759
25话/2007年10月6日/水島精二/矢立肇、富野由悠季,机动战士高达00,25,機動戦士ガンダム00,646,7.6,3095
1话/2014年2月5日/出合小都美/緑川ゆき,夏目友人帐 曾几何时下雪之日,1,夏目友人帳 いつかゆきのひに,645,7.6,1011
13话/2014年1月4日/金澤洪充/氏家ト全（講談社週刊少年マガジン連載）,妄想学生会＊,13,生徒会役員共*,644,7.6,3883
23话/1971年10月24日/モンキー・パンチ,鲁邦三世 第一期,23,ルパン三世 1st シリーズ,643,7.7,144
11话/2006年1月12日,怪 ～ayakashi ～,11,怪 〜ayakashi〜,642,7.6,970
1话/2006年3月4日,机动战士Z高达III 星星的鼓动就是爱,1,機動戦士ZガンダムIII -星の鼓動は愛-,641,7.6,361
13话/2013年4月6日/水島努/久保保久（講談社「イブニング」連載）/谷口淳一郎,恶魔阿萨谢尔在召唤你Z,13,よんでますよ、アザゼルさん。Z,640,7.6,1955
39话/2015-11-02,探险活宝 第七季,39,Adventure Time season 7,679,7.9,55
104话/2008年3月31日,甜甜私房猫,104,チーズスイートホーム,678,7.6,784
22话/2008年10月15日,道子与哈金,22,ミチコとハッチン,677,7.6,735
12话/2011年7月4日/太田雅彦/なもり（一迅社「コミック百合姫」連載）/中島千明,摇曳百合,12,ゆるゆり,676,7.6,4326
26话/2011年4月3日/安藤真裕/P.A.WORKS,花开伊吕波,26,花咲くいろは,675,7.6,6858
25话/2020年1月10日/長井龍雪/鎌池和馬＋冬川基/田中雄一、副人物设定：萩原弘光、吉田優子,某科学的超电磁炮T,25,とある科学の超電磁砲T,674,7.6,1050
1话/2010年11月6日,壳中少女 压缩,1,マルドゥック・スクランブル 圧縮,673,7.6,1368
52话/1994年10月16日/アミノテツロー/河森正治/桂憲一郎,超时空要塞7,52,マクロス7,672,7.6,483
1话/2014-09-06(多伦多电影节)/2014-12-10(法国)/2016-08-12（中国大陆）/TommMoore,海洋之歌,1,Song of the Sea,671,7.6,396
4话/2013年6月15日,宇宙战舰大和号2199 第六章「到达！大麦哲伦」,4,宇宙戦艦ヤマト2199 第六章「到達!大マゼラン」,670,7.7,131
1话/2008年12月29日,第三届东方M-1漫才大赛,1,第3回東方M-1ぐらんぷり,669,7.7,160
1话/2011年9月17日/緑川ゆき,萤火之森,1,蛍火の杜へ,668,7.6,3982
11话/2016年10月13日/三浦しをん,编舟记,11,舟を編む,667,7.6,1686
51话/1996年10月5日/わたなべひろし(～30話)、西村純二(31話～)/藤島康介（讲谈社刊“パーティーKC”所载）/中嶋敦子,逮捕令,51,逮捕しちゃうぞ,666,7.6,763
1话/2009年5月24日/石原立也/Key/VisualArt's/池田和美,CLANNAD ～AFTER STORY～另一个世界 杏篇,1,CLANNAD ～AFTER STORY～もうひとつの世界 杏編,665,7.6,2915
1话/2011年12月30日,第六届东方M-1漫才大赛,1,第6回東方M-1ぐらんぷり,664,7.7,180
13话/2013年10月5日/山川吉樹/Key/飯塚晴子,Little Busters! 〜Refrain〜,13,リトルバスターズ! 〜Refrain〜,704,7.5,1899
26话/2010年10月11日,探险活宝 第二季,26,Adventure Time season 2,703,7.7,101
1话/2016年9月3日/津田尚克/「planetarian～ちいさなほしのゆめ～」(Key)/竹知仁美,星之梦～星之人～,1,planetarian～星の人～,702,7.6,1287
13话/2020年1月23日,BanG Dream! 第三季,13,BanG Dream! 3rd Season,701,7.6,345
1话/2012-11-02(美国)/2012-11-06(中国大陆),无敌破坏王,1,Wreck-It Ralph,700,7.6,723
13话/2020年1月5日/あおきえい/TheDetectivesUnited/碇谷敦,ID:INVADED,13,ID:INVADED イド：インヴェイデッド,699,7.6,3548
12话/2012年4月12日/渡辺信一郎/小玉ユキ,坂道上的阿波罗,12,坂道のアポロン,697,7.5,2273
24话/2010年9月10日/ボブ白旗/日丸屋秀和/河南正昭,黑塔利亚 第4期,24,ヘタリア World Series 第4期,696,7.6,917
1话/1991年7月20日/高畑勲/岡本螢、刀根夕子,岁月的童话,1,おもひでぽろぽろ,695,7.6,799
75话/2013年10月6日,钻石王牌,75,ダイヤのA,694,7.6,683
26话/2009年10月3日/青木康直,犬夜叉 完结篇,26,犬夜叉 完結編,692,7.5,1419
"26话/2011-01-07/GregWeisman,BrandonVietti",少年正义联盟 第一季,26,Young Justice Season 1,691,7.8,93
12话/2014年7月24日,红白黑黄 第二季,12,RWBY Volume 2,690,7.6,1283
12话/2017年10月7日/高柳滋仁/内藤泰弘(集英社ジャンプコミックス刊)/川元利浩,血界战线 & BEYOND,12,血界戦線 & BEYOND,689,7.6,2401
89话/1999年12月24日(网络版)；2006年11月25日(TV版)/RhodeMontijo、KennNavarro,欢乐树伙伴,89集(网络版)；13集(TV版),Happy Tree Friends,728,7.6,606
26话/1974年10月6日/松本零士/岡迫亘弘,宇宙战舰大和号,26,宇宙戦艦ヤマト,727,7.7,124
1话/1983年8月20日,Daicon4 开幕动画,1,DAICON IV OPENING ANIMATION,726,7.6,189
1话/2016年2月20日/中村章子/中村明日美子,同级生,1,同級生,725,7.6,588
13话/2016年7月1日/小坂知/夜宵草（comico）,13,2016年7月1日,ReLIFE,724,7.5,2773
3话/2012年4月25日/金澤洪充/氏家ト全（講談社週刊少年マガジン連載）,妄想学生会 OVA,3,生徒会役員共 OVA,723,7.5,1883
1话/2014年11月15日/水島精二/ニトロプラス、東映アニメーション/齋藤将嗣,乐园追放 -Expelled From Paradise-,1,楽園追放 -Expelled From Paradise-,722,7.5,3155
4话/2015年12月25日/松尾衡/矢立肇、富野由悠季、太田垣康男（漫画）,机动战士高达 雷霆宙域,4,機動戦士ガンダム サンダーボルト,721,7.6,821
4话/2012年6月30日,宇宙战舰大和号2199 第二章「死战太阳系」,4,宇宙戦艦ヤマト2199 第二章「太陽圏の死闘」,720,7.6,156
13话/2007年10月8日/富岡聡/富岡聡、宮崎あぐり/宮崎あぐり,监狱兔 第二季,13,Usavich Season 2,719,7.6,674
14话/2006-03-26,南方公园 第10季,14,South Park Season 10,718,7.7,103
1话/石立太一/「ヴァイオレット・エヴァーガーデン」暁佳奈（KAエスマ文庫/京都アニメーション）/高瀬亜貴子,剧场版 紫罗兰永恒花园,1,劇場版 ヴァイオレット・エヴァーガーデン,717,7.8,76
17话/1999年4月7日,南方公园 第3季,17,South Park Season 3,716,7.7,107
24话/2019年4月6日/渡部穏寛/あだち充「MIX」（小学館「ゲッサン」）/牧孝雄,MIX：明青故事,24,MIX MEISEI STORY,715,7.6,460
14话/2007年9月13日/铃木行/太田垣康男,月光旅程 -Touch down-,14,Moonlight Mile -Touch down-,714,7.6,171
12话/2007年1月11日/上坪亮樹（チーフディレクター）/蒼樹うめ/伊藤良明,向阳素描,12,ひだまりスケッチ,713,7.5,960
14话/2005-03-09,南方公园 第9季,14,South Park Season 9,752,7.7,94
4话/2014年5月16日/橋本みつお/しげの秀一,头文字D Final Stage,4,頭文字D Final Stage,751,7.6,470
13话/2010年7月3日/金澤洪充/氏家ト全（講談社週刊少年マガジン連載）/古田誠,妄想学生会,13,生徒会役員共,750,7.5,5084
1话/2019年5月24日/今石洋之/TRIGGER・中島かずき,Promare,1,プロメア,749,7.5,1408
26话/2015-07-27,咱们裸熊,26,We Bare Bears,748,7.6,407
1话/2017年10月28日/木上益治,巴加的工作室,1,バジャのスタジオ,747,7.5,526
11话/2016年10月4日/出合小都美/緑川ゆき／月刊LaLa（白泉社）連載,夏目友人帐 伍,11,夏目友人帳 伍,746,7.5,1424
13话/2010年4月2日/岸誠二/麻枝准/平田雄三,13,2010年4月2日,Angel Beats!,745,7.5,9825
24话/2014年7月9日/山本裕介/しろ/松尾祐輔,向山进发 第二季,24,ヤマノススメ セカンドシーズン,744,7.5,1198
24话/2009年10月2日/長井龍雪/鎌池和馬＋冬川基（電撃コミックス／アスキー・メディアワークス刊）/田中雄一,某科学的超电磁炮,24,とある科学の超電磁砲,743,7.5,8929
49话/1983年2月5日/富野由悠季/矢立肇、富野由悠季/湖川友謙,圣战士登拜因,49,聖戦士ダンバイン,742,7.7,103
1话/2014年8月9日/渡辺歩/小山宙哉（講談社「モーニング」連載）,宇宙兄弟#0,1,宇宙兄弟#0,741,7.8,64
25话/2009年2月14日/武本康弘/谷川流・いとうのいぢ・ぷよ/西屋太志,凉宫春日酱的忧郁,25,涼宮ハルヒちゃんの憂鬱,740,7.5,3056
26话/2019年4月6日/外崎春雄/吾峠呼世晴（集英社「週刊少年ジャンプ」連載）/松島晃,鬼灭之刃,26,鬼滅の刃,739,7.5,3900
52话/2012年1月8日/樹るう,嘟嘟猫观察日记,52,ポヨポヨ観察日記,738,7.6,700
1话/1996年12月14日,贤治之春,1,イーハトーブ幻想〜KENjIの春,737,7.6,146
1话/2001年4月21日/こだま兼嗣/青山剛昌/須藤昌朋,名侦探柯南 通往天国的倒数计时,1,名探偵コナン 天国へのカウントダウン,776,7.5,2413
26话/2004年7月4日/XEBEC/平井久司,苍穹之法芙娜,26,蒼穹のファフナー,775,7.5,1180
1话/2014年4月19日/高橋渉,蜡笔小新 决一胜负！逆袭的机器人爸爸,1,クレヨンしんちゃん ガチンコ！逆襲のロボとーちゃん,774,7.6,192
12话/2014年3月20日/李智勇,功夫兔与菜包狗,12,功夫兔与菜包狗 第一季,773,7.6,167
18话/1998-04-01,南方公园 第2季,18,South Park Season 2,772,7.7,112
3话/2001年5月23日/舛成孝二/倉田英之（集英社｢ウルトラジャンプコミックス｣刊）/石浜真史,读或死 OVA,3,R.O.D -READ OR DIE-,771,7.5,741
13话/2016年4月2日/「ニンジャスレイヤー」（発行元：株式会社KADOKAWA）/稲戸せれれ、信じろ,忍者杀手 特别编辑版,13,ニンジャスレイヤー フロムアニメイシヨン （スペシャル・エディシヨン）,770,7.5,446
1话/1981年7月11日,机动战士高达 剧场版II 哀・战士,1,機動戦士ガンダムII 哀・戦士編,769,7.6,297
1话/2018年10月27日,HUGtto！光之美少女♡两人是光之美少女 All Stars Memories,1,映画 HUGっと！プリキュア♡ふたりはプリキュア オールスターズメモリーズ,768,7.7,105
13话/2015年10月4日/水島精二/BONES・會川昇/伊藤嘉之,Concrete Revolutio 超人幻想,13,コンクリート・レボルティオ～超人幻想～,767,7.5,1907
1话/1997年3月15日/ウィーダ（ルイス・ド・ラ・ラメー）,佛兰德斯的狗,1,劇場版 フランダースの犬,766,7.6,125
1话/2011年3月5日,哆啦A梦：新大雄与铁人兵团,1,ドラえもん 新・のび太と鉄人兵団 ～はばたけ 天使たち～,765,7.6,370
11话/2017年4月11日/緑川ゆき／月刊LaLa（白泉社）連載,夏目友人帐 陆,11,夏目友人帳 陸,764,7.5,1109
3话/2013年5月26日,幻想万华镜 红雾异变之章,3,幻想万華鏡 紅霧異変の章 ～『東方紅魔郷』より～,763,7.5,890
74话/1994年1月7日/辻初樹/彩花みん/渡辺はじめ,小红帽恰恰,74,赤ずきんチャチャ,762,7.6,119
12话/2017年7月11日/藤原佳幸/得能正太郎/菊池愛,12,2017年7月11日,NEW GAME!!,761,7.5,3055
6话/2012年4月3日,男子高中生的日常 特典,6,男子高校生の日常 特典映像,800,7.5,1108
1话/1986年3月15日,大雄与铁人兵团,1,ドラえもん のび太と鉄人兵団,799,7.6,269
52话/1997年4月27日/案納正美/小川悦司/岸義之、二宮常雄,中华小当家,52,中華一番!,798,7.5,2470
13话/2015年4月2日,我的青春恋爱物语果然有问题 续,13,やはり俺の青春ラブコメはまちがっている。続,797,7.5,5548
4话/2019年11月29日/多田俊介/田中芳樹,银河英雄传说 Die Neue These 星乱 第3章,4,銀河英雄伝説 Die Neue These 星乱 第3章,796,7.6,352
45话/1988年4月15日/井内秀治/矢立肇/芦田豊雄,魔神英雄传,45,魔神英雄伝ワタル,795,7.5,1230
26话/2006年4月6日/下田正美/矢立肇・伊東岳彦/山下明彦,ZEGAPAIN,26,ゼーガペイン,794,7.5,389
98话/2009年4月5日,龙珠改,98,ドラゴンボール改,793,7.5,680
1话/1980/林文肖,1,方澎年、,雪孩子,792,7.5,497
1话/2013年8月12日/上海アリス幻樂団(ZUN),第一届东方M-1漫才大赛 重制版,1,第1回東方M-1ぐらんぷりR,791,7.7,82
1话/2016年10月29日,魔法使光之美少女 奇迹的变身！Cure Mofurun！,1,映画 魔法つかいプリキュア! 奇跡の変身！キュアモフルン！,790,7.6,116
2话/2007年10月18日/飯村正之（第1话）/蒼樹うめ/伊藤良明,向阳素描 特别篇,2,ひだまりスケッチ 特別編,789,7.5,405
1话/2012年12月30日C83,第七届东方M-1漫才大赛,1,第7回東方M-1ぐらんぷり,788,7.6,163
1话/2007年3月10日,哆啦A梦07剧场版：大雄的新魔界大冒险之7个魔法师,1,ドラえもん のび太の新魔界大冒険 ～7人の魔法使い～,787,7.6,321
26话/2009年1月26日/ボブ白旗/日丸屋秀和/河南正昭,黑塔利亚,26,ヘタリア Axis Powers,786,7.5,2279
14话/2001-06-20,南方公园 第5季,14,South Park Season 5,785,7.7,96
25话/2009年1月10日/満田拓也,棒球大联盟 第五季,25,メジャー 第5シリーズ,823,7.6,120
146话/2016年11月17日/中野悟史、安田周平,精灵宝可梦 太阳&月亮,146,ポケットモンスター サン＆ムーン,824,7.5,403
1话/2018年2月24日/Iorph,朝花夕誓——于离别之朝束起约定之花,1,さよならの朝に約束の花をかざろう,822,7.5,3056
1话/1994年3月12日,灌篮高手 剧场版,1,スラムダンク,821,7.5,282
2话/1991年9月27日/もりたけし/ガイナックス,OTAKU的录像带,2,おたくのビデオ,820,7.5,340
51话/2015年4月4日,美妙天堂 第二期,51,プリパラ 2nd season,819,7.7,90
10话/2017年1月11日/金﨑貴臣/暁なつめ/菊田幸一,为美好的世界献上祝福！ 第二季,10,この素晴らしい世界に祝福を！2,818,7.5,4355
24话/2013年4月12日/長井龍雪/鎌池和馬＋冬川基（電撃コミックス／アスキー・メディアワークス刊）/田中雄一、冷水由紀絵（副人物设计）,某科学的超电磁炮S,24,とある科学の超電磁砲S,817,7.5,6629
50话/2012年4月5日/ヒガアロハ,白熊咖啡馆,50,しろくまカフェ,816,7.5,2314
26话/2003年1月6日/岡村天斎/BONES、信本敬子/川元利浩,狼雨,26,WOLF'S RAIN,815,7.5,637
6话/1995年10月27日/北久保弘之/江川達也/川元利浩,黄金宝贝,6,GOLDEN BOY さすらいのお勉強野郎,814,7.5,364
1话/2009年10月25日/韦斯·安德森（WesAnderson）,了不起的狐狸爸爸,1,Fantastic Mr. Fox,813,7.7,107
2话/2017年2月18日/鶴巻和哉/舞城王太郎/井関修一,龙的牙医,2,龍の歯医者,812,7.5,1931
78话/1994-10-24,夜行神龙,78,Gargoyles,811,7.8,65
4话/2006年3月29日/水島精二,钢之炼金术师 PREMIUM COLLECTION,4,鋼の錬金術師 PREMIUM COLLECTION,810,7.5,513
13话/2013年7月6日/水島努/木尾士目/谷口淳一郎,现视研 二代目,13,げんしけん 二代目,809,7.5,1337
26话/2015年4月16日,忍者杀手,26,ニンジャスレイヤー フロムアニメイシヨン,848,7.5,764
25话/2015年10月5日/藤田陽一/『おそ松くん』赤塚不二夫／「週刊少年サンデー」（1962年～1969年）他で連載,阿松,25,おそ松さん,847,7.5,1808
12话/2018年1月11日/眉月じゅん（小学館「週刊ビッグコミックスピリッツ」連載）,恋如雨止,12,恋は雨上がりのように,846,7.5,1554
51话/2005年4月5日/浜津守/平山智,玻璃假面,51,ガラスの仮面,845,7.6,203
1话/2006年5月26日/武本康弘/賀東招二/堀内修,全金属狂潮 TSR OVA 战队长悠闲的一天,1,フルメタル・パニック! The Second Raid 特別版OVA「わりとヒマな戦隊長の一日」,844,7.5,1519
13话/2019年1月8日/平牧大輔/椋木ななつ（コミック百合姫/一迅社刊）/中川洋未,天使降临到了我身边,13,私に天使が舞い降りた！,843,7.5,2789
1话/2007年5月20日,第一届东方M-1漫才大赛,1,第1回東方M-1ぐらんぷり,842,7.6,101
1话/1998年8月1日/青木康直/矢立肇、富野由悠季/村瀬修功,新机动战记高达W 无尽的华尔兹 剧场版,1,新機動戦記ガンダムW Endless Waltz 特別篇,841,7.5,677
13话/2008年10月13日/富岡聡/富岡聡、宮崎あぐり/宮崎あぐり,监狱兔 第三季,13,Usavich Season 3,840,7.5,600
25话/2016年1月7日,暗杀教室 第二季,25,暗殺教室 第2期,839,7.5,2425
1话/2010年12月30日,第五届东方M-1漫才大赛,1,第5回東方M-1ぐらんぷり,838,7.6,152
10话/2016年1月13日/金﨑貴臣/暁なつめ/菊田幸一,为美好的世界献上祝福！,10,この素晴らしい世界に祝福を！,837,7.5,5577
1话/2012-09-25,蝙蝠侠 黑暗骑士归来（上）,1,"Batman: The Dark Knight Returns, Part 1",836,7.6,153
4话/2013年10月2日,精灵宝可梦 起源,4,ポケットモンスター THE ORIGIN,835,7.5,734
13话/2016年7月4日/藤原佳幸/得能正太郎/菊池愛,13,2016年7月4日,NEW GAME!,834,7.5,4041
25话/2010年4月3日/福島利規/満田拓也,棒球大联盟 第六季,25,メジャー 第6シリーズ,833,7.6,127
13话/1999年10月15日/政木伸一/しげの秀一,头文字D Second Stage,13,頭文字D Second Stage,872,7.5,712
17话/2012年7月7日/川面真也/庵田定夏/赤井俊文,心灵链环,17,ココロコネクト,871,7.5,3439
1话/2012年11月2日/JohnKahrs,纸人,1,Paperman,870,7.5,336
1话/2018年9月21日/令丈ヒロ子・亜沙美[絵]（講談社青い鳥文庫『若おかみは小学生！』シリーズ）,剧场版 年轻老板娘是小学生！,1,劇場版 若おかみは小学生!,869,7.5,219
12话/2017年1月8日/空知英秋,银魂.,12,銀魂.,868,7.5,827
1话/1940-11-13,幻想曲,1,Fantasia,867,7.6,90
1话/2010年7月17日/笹原和也/小林源文,猫屎一号,1,Cat Shit One -THE ANIMATED SERIES-,866,7.5,963
1话/2005年7月23日/荒川弘,钢之炼金术师 香巴拉的征服者,1,鋼の錬金術師 シャンバラを征く者,865,7.5,2003
1话/2013年11月27日/JenniferLee/ChrisBuck,冰雪奇缘,1,Frozen,864,7.5,2109
38话/2013年10月7日/鍋島修/渡辺航,飙速宅男,38,弱虫ペダル,863,7.5,1043
12话/2012年1月5日,侦探歌剧 少女福尔摩斯 第二幕,12,探偵オペラ ミルキィホームズ 第2幕,862,7.5,722
1话/2002年2月2日,星之声,1,ほしのこえ,861,7.5,2668
1话/2020年2月19日/木上益治,巴加的工作室 ～巴加眼中的海洋～,1,バジャのスタジオ ～バジャのみた海～,860,7.6,143
1话/2012年9月29日,壳中少女 排气,1,マルドゥック・スクランブル 排気,859,7.5,1000
1话/2009年3月14日/あおきえい、野中卓也、小船井充、滝口禎一、平尾隆之、三浦貴博/奈須きのこ/須藤友徳,剧场版 空之境界 Remix,1,劇場版 空の境界 Remix -Gate of seaventh heaven-,858,7.5,534
2020年4月10日/R·C,2020年4月10日,星期五,大理寺日志,857,7.7,54
1话/2018年12月14日/長峯達也/鳥山明/鳥山明,龙珠超 布罗利,1,ドラゴンボール超 ブロリー,896,7.5,580
1话/1999年8月21日/浅香守生/CLAMP,魔卡少女樱 香港之旅,1,劇場版カードキャプターさくら,895,7.5,1299
12话/2019年7月3日/安藤正臣/篠原健太(集英社ジャンプコミックス刊)/黒澤桂子,彼方的阿斯特拉,12,彼方のアストラ,894,7.5,1111
12话/2015年4月4日/石ダテコー太郎（1-7话）、平間邦修（8-12话代理）,摸索吧！部活剧 第三期,12,てさぐれ！部活もの すぴんおふ プルプルんシャルムと遊ぼう,893,7.5,453
13话/2012年7月2日/杉田圭,超译百人一首 歌之恋,13,超訳百人一首 うた恋い。,892,7.5,916
1话/2012-03-20/鉄拳,时光钟摆,1,振り子,891,7.5,152
5话/2002年12月21日/河森正治/河森正治/齋藤卓也,超时空要塞 ZERO,5,マクロス ゼロ,890,7.5,649
1话/2004年1月16日/今石洋之/今井トゥーンズ,落叶,1,DEAD LEAVES,889,7.5,585
50话/2003年2月2日/五十嵐卓哉/東堂いづみ/中澤一登,明日的娜嘉,50,明日のナージャ,888,7.5,170
1话/2005年10月29日,机动战士Z高达II 恋人们,1,機動戦士ZガンダムII -恋人たち-,887,7.5,340
13话/1991年5月22日/加瀬充子（第1話-第7話）、今西隆志（第2話-第13話）/矢立肇、富野由悠季,机动战士高达0083 星尘的回忆,13,機動戦士ガンダム0083 STARDUST MEMORY,886,7.5,1024
13话/2012年12月13日,监狱兔 第五季,13,Usavich Season 5,885,7.5,564
24话/2007年4月7日/宇田鋼之介/中原アヤ,恋爱情结,24,ラブ★コン,884,7.5,565
1话/2013年11月9日/吉浦康裕/吉浦康裕/又賀大介,颠倒的帕特玛,1,サカサマのパテマ,883,7.5,1615
1话/2010年3月26日/迪恩·德布洛斯/克里斯·桑德斯,驯龙高手,1,How to Train Your Dragon,882,7.5,1098
12话/2019年10月31日/岸誠二/サンドロビッチ・ヤバ子/だろめおん（小学館「マンガワン」連載中）/森田和明,拳愿阿修罗 第二季,12,ケンガンアシュラ Part 2,881,7.5,315
12话/2017年10月4日/岡本英樹/天乃咲哉（月刊バーズ・幻冬舎コミックス刊）/黒澤桂子,此花绮谭,12,このはな綺譚,920,7.4,1753
17话/2002-03-06,南方公园 第6季,17,South Park Season 6,919,7.6,91
1话/2005年2月19日/渡部高志,奇诺之旅 活着的目标 -活下去。-,1,キノの旅 何かをするために -life goes on.-,918,7.5,566
10话/2019年10月23日/何小疯,10,2019年10月23日,伍六七之最强发型师,917,7.5,462
8话/2014年1月29日/山川吉樹/Key/飯塚晴子,Little Busters! EX,8,リトルバスターズ! EX,916,7.4,1104
1话/2002年7月30日/森田宏幸,猫的报恩,1,猫の恩返し,915,7.5,1964
16话/2013年7月18日,红白黑黄,16,RWBY,914,7.4,2142
48话/2012年2月5日,Smile 光之美少女！,48,スマイルプリキュア!,913,7.5,367
34话/1996年3月9日/五十嵐卓哉/武内直子/爲我井克美,美少女战士Sailor Stars,34,美少女戦士セーラームーンセーラースターズ,911,7.5,275
11话/2007年10月11日/矢野雄一郎/石川雅之/高岡淳一,萌菌物语,11,もやしもん,912,7.4,1127
1话/2006年1月18日/吉浦康裕/吉浦康裕,苍之茧,1,ペイル・コクーン,910,7.5,747
12话/2011年4月8日/中村春菊/菊地洋子,世界第一初恋,12,世界一初恋,909,7.4,2120
12话/2015年1月10日,旋转少女,12,ローリング☆ガールズ,908,7.4,1343
11话/2016年4月10日/水島精二/BONES・會川昇/伊藤嘉之,Concrete Revolutio 超人幻想 THE LAST SONG,11,コンクリート・レボルティオ～超人幻想～THE LAST SONG,907,7.4,1400
1话/2008-12-31/饺克力/饺克力,打，打个大西瓜,1,打，打个大西瓜,906,7.5,611
1话/2005年3月30日/中村隆太郎,奇诺之旅 塔之国 -自由创作-,1,キノの旅 塔の国 -Free Lance-,905,7.5,560
51话/1999年2月7日/東堂いづみ/馬越嘉彦,小魔女DoReMi,51集,おジャ魔女どれみ,944,7.5,262
1话/2013年12月30日C85,第八届东方M-1漫才大赛,1,第8回東方M-1ぐらんぷり,943,7.6,109
358话/2004年4月3日,KERORO军曹,358,ケロロ軍曹,942,7.4,953
46话/1990年3月9日,魔神英雄传2,46,魔神英雄伝ワタル2,941,7.5,659
13话/2013年7月4日/高津カリノ,跟班×服务,13,サーバント×サービス,940,7.4,1666
4话/2018年3月21日/小坂知/夜宵草(comico)/山中純子,ReLIFE 完结篇,4,ReLIFE 完結編,939,7.4,1417
1话/2017年9月30日/原田孝宏・黒木美幸/バンダイナムコエンターテインメント/田中裕介・飯塚晴子,偶像大师 SideM 序章 -Episode of Jupiter-,1,THE IDOLM@STER Prologue SideM -Episode of Jupiter-,938,7.5,218
102话/1996年4月5日/大地丙太郎/小花美穂,玩偶游戏,102,こどものおもちゃ,937,7.5,157
24话/1988年3月14日/小林治/佐藤正(集英社「週刊少年ジャンプ」連載)/山田みちしろ,森林好小子,24,燃える! お兄さん,936,7.5,157
1话/2010年12月25日/XEBEC,苍穹之法芙娜 HEAVEN AND EARTH,1,蒼穹のファフナー HEAVEN AND EARTH,935,7.4,612
143话/1989年10月20日,乱马1/2 热斗篇,143,らんま1/2 熱闘編,934,7.5,200
1话/2014年8月8日/八木竜一、山崎貴,哆啦A梦：伴我同行,1,STAND BY ME ドラえもん,933,7.4,1134
38话/1989年4月6日/美原轟（原案）,天空战记,38,天空戦記シュラト,932,7.5,244
2话/2011年3月22日/中村春菊,世界第一初恋 OAD,2,世界一初恋 OAD,931,7.4,769
191话/2006年9月28日/須藤典彦、浅田裕二（171-193话）/田尻智、杉森建、増田順一/山田俊也、松岛贤二、松宫稔展、西野弘二,精灵宝可梦 钻石&珍珠,191,ポケットモンスター ダイヤモンド&パール,930,7.5,427
2话/2009年3月17日/多田俊介/CLAMP/菊地洋子,翼·年代记 春雷记,2,ツバサ 春雷記,929,7.4,646
1话/1988年2月20日/高橋良輔/高橋良輔/塩山紀生,装甲骑兵 红肩队档案：野心的根源,1,装甲騎兵ボトムズ レッドショルダードキュメント 野望のルーツ,968,7.5,101
1话/1973-05(戛纳电影节)/1973-12-06(法国)/阿内·拉鲁,原始星球,1,La Planète sauvage,967,7.6,85
12话/2011年10月12日/菅原そうた,gdgd妖精s,12,gdgd妖精s（ぐだぐだフェアリーズ）,966,7.5,193
1话/1989/WolfgangLauenstein、ChristophLauenstein,平衡,1,Balance,965,7.5,166
26话/2016年02月25日,咱们裸熊 第二季,26,We Bare Bears Season 2,963,7.5,154
1话/2009年12月12日/境宗久/尾田栄一郎,海贼王 强者世界,1,ONE PIECE FILM STRONG WORLD,962,7.4,848
25话/2008年4月3日/河森正治/江端里沙,超时空要塞Frontier,25,マクロスFrontier,961,7.4,2762
25话/2020年1月1日/渡邊政治/長月達平/坂井久太,Re：从零开始的异世界生活 新编集版,25,Re:ゼロから始める異世界生活 新編集版,960,7.4,375
1话/2000年7月8日,小魔女DoReMi ♯ 愿望之花,1,映画 おジャ魔女どれみ♯,959,7.6,75
1话/2014年7月5日/水島努/杉本功,少女与战车 这次是真正的安齐奥战！,1,ガールズ&パンツァー これが本当のアンツィオ戦です!,958,7.4,1471
12话/2018年10月8日/野田サトル（集英社「週刊ヤングジャンプ」連載）,黄金神威 第二季,12,ゴールデンカムイ 第2期,957,7.4,577
4话/2019年9月27日/多田俊介/田中芳樹,银河英雄传说 Die Neue These 星乱 第1章,4,銀河英雄伝説 Die Neue These 星乱 第1章,956,7.4,399
13话/2018年10月3日/鴨志田一(電撃文庫刊「『青春ブタ野郎』シリーズ」),青春笨蛋少年不做兔女郎学姐的梦,13,青春ブタ野郎はバニーガール先輩の夢を見ない,955,7.4,5431
14话/2010年7月2日/太田雅彦/桜井のりお/大隈孝晴,超元气三姐妹,14,みつどもえ,954,7.4,1640
10话/2015年9月16日,南方公园 第19季,10,South Park Season 19,953,7.5,150
2话/2017年2月4日,鲁邦三世 血烟的石川五右卫门,2,LUPIN THE IIIRD 血煙の石川五ェ門,992,7.4,302
1话/2007年12月31日,第二届东方M-1漫才大赛,1,第2回東方M-1ぐらんぷり,990,7.5,90
13话/2011年10月3日/佐藤順一/佐藤順一/飯塚晴子,玉响～hitotose～,13,たまゆら～hitotose～,989,7.4,1369
1话/2013年2月8日/水島努/久米田康治/田中将賀,女子落 OAD,1,じょしらく OAD,991,7.4,659
1话/2005年12月10日/志水淳児/東堂いづみ/稲上晃、爲我井克美,光之美少女 Max Heart 雪空的朋友,1,映画 ふたりはプリキュア マックスハート2 雪空のともだち,987,7.5,98
13话/2004年10月1日/新房昭之/都築真紀／ivory/奥田泰弘,魔法少女奈叶,13,魔法少女リリカルなのは,988,7.4,2097
12话/2015年7月10日/水島努/平本アキラ/谷口淳一郎,监狱学园,12,監獄学園,986,7.4,3404
12话/2005年4月2日/小林常夫/森薫,英国恋物语艾玛,12,英國戀物語エマ,985,7.5,197
61话/2014年4月6日,龙珠改 魔人布欧篇,61,ドラゴンボール改 魔人ブウ編,984,7.4,331
6话/2005年5月28日/さとうけいいち/さとうけいいち/羽山賢二,鸦 -KARAS-,6,鴉 -KARAS-,983,7.4,1053
1话/1993年6月5日/川尻善昭/川尻善昭/箕輪豊,兽兵卫忍风帖,1,獣兵衛忍風帖,982,7.4,220
1话/2010年4月24日/西村聡/吉松孝博,枪神 Badlands Rumble,1,TRIGUN Badlands Rumble,981,7.4,352
1话/2016年11月12日/片渕須直/こうの史代『この世界の片隅に』（双葉社刊）,在这世界的角落,1,この世界の片隅に,980,7.4,1040
1话/2009年4月15日/新房昭之/氷川へきる/大田和寛,不可思议的教室 OVA,1,ぱにぽにだっしゅ! OVA,979,7.5,118
92话/2013年10月17日,精灵宝可梦XY,92,ポケットモンスターXY,978,7.4,565
13话/2007年10月1日/平池芳正/小箱とたん/杉本功,素描本,13,スケッチブック ～full color's～,977,7.4,370
13话/2019年1月3日,BanG Dream! 第二季,13,BanG Dream! 2nd Season,1016,7.4,748
12话/2020年4月6日/矢野孝典/ユキヲ（COMICメテオ連載）/古賀誠,邪神与厨二病少女’,12,邪神ちゃんドロップキック’,1015,7.4,669
38话/1994年3月19日/幾原邦彦/武内直子/伊藤郁子,美少女战士S,38,美少女戦士セーラームーンS,1014,7.4,262
1话/2001年12月15日/謝立文/麥家碧、謝立文,麦兜故事,1,麥兜故事,1013,7.4,310
1话/2001年7月14日,大~集合！小魔女DoReMi 青蛙石的秘密,1,映画 も〜っと! おジャ魔女どれみ カエル石のひみつ,1012,7.5,87
12话/2001年10月5日/山賀博之/中山文十郎+ぢたま某/高村和宏,魔力女管家,12,まほろまてぃっく,1011,7.4,726
24话/2017年7月11日/衛藤ヒロユキ,咕噜咕噜魔法阵,24,魔法陣グルグル,1010,7.4,347
24话/2018年4月3日/矢野雄一郎/モンキー・パンチ「ルパン三世」/横堀久雄,鲁邦三世 PART5,24,ルパン三世 PART5,1009,7.4,347
1话/2019年10月11日/超平和バスターズ,知晓天空之蓝的人啊,1,空の青さを知る人よ,1008,7.6,65
4话/2014年12月31日/板村智幸/西尾維新『憑物語』(講談社BOX)/渡辺明夫,凭物语,4,憑物語,1007,7.4,2565
12话/2017年7月9日/橘正紀/秋谷有紀恵,Princess Principal,12,プリンセス・プリンシパル,1006,7.4,2885
175话/2009年10月12日/石平信司/真島ヒロ（周刊少年Magazine／讲谈社）/山本碧,妖精的尾巴,175,FAIRY TAIL,1005,7.4,2507
1话/1999年7月17日/一石小百合,剧场版 精灵宝可梦：梦幻的精灵宝可梦 洛奇亚爆诞,1,劇場版ポケットモンスター 幻のポケモン ルギア爆誕,1004,7.4,525
24话/2014年10月6日,飙速宅男 GRANDE ROAD,24,弱虫ペダル GRANDE ROAD,1003,7.4,537
4话/2000年4月7日,银河英雄传说外传 叛乱者,4,銀河英雄伝説外伝 叛乱者,1002,7.6,75
39话/1988年4月30日/池田成、浜津守/矢立肇/塩山紀生,魔神坛斗士,39,鎧伝サムライトルーパー,1001,7.4,438
52话/1987年10月9日,三个火枪手,52,アニメ三銃士,1040,7.5,68
1话/2015年12月30日C89,第十届东方M-1漫才大赛,1,第10回東方M-1ぐらんぷり,1039,7.6,54
1话/2009年12月29日/川口敬一郎/西尾公伯,快要坏掉的八音盒,1,こわれかけのオルゴール,1038,7.4,1805
26话/2009年4月4日/今川泰宏/永井豪/竹内進二,真魔神 冲击！Z篇,26,真マジンガー 衝撃! Z編,1037,7.4,159
46话/1992年3月7日/佐藤順一/武内直子/只野和子,美少女战士,46,美少女戦士セーラームーン,1036,7.4,1167
63话/2004年10月11日,怪医黑杰克,63(61+2),ブラック・ジャック,1035,7.4,216
500话/2007年2月15日/伊達勇登(221-699)、小林治(700-703)、今千秋(704-708)、渡部穏寛(709-713)、むらた雅彦(714-720)/岸本斉史//故事协力：矢野隆(671-678鼬真传、709-713鹿丸秘传)、十和田シン(704-708佐助秘传)、ひなたしょう(714-720木叶秘传),火影忍者疾风传,500,NARUTO -ナルト- 疾風伝,1033,7.4,2642
13话/2013年10月2日,京骚戏画,13,京騒戯画,1034,7.4,1895
11话/2009年7月9日/橘正紀/野崎あつこ(野崎温子),东京地震8.0,11,東京マグニチュード8.0,1032,7.4,1902
13话/2005年4月6日/平尾隆之（チーフディレクター）/双葉ひな、ささきむつみ/小林利充,双恋 Alternative,13,フタコイ オルタナティブ,1031,7.4,648
13话/1992/杨凯华/包蕾/杨凯华、颜志强,特别车队,13,特别车队,1030,7.6,68
1话/2009年3月20日/大塚隆史/稲上晃、川村敏江、香川久,光之美少女全明星DX 大家是朋友☆奇迹的全员大集合！,1,映画 プリキュアオールスターズDX みんなともだちっ☆奇跡の全員大集合！,1029,7.5,156
52话/1999年7月23日,西游记,52,西游记,1028,7.4,781
38话/1985年10月3日/高橋良輔/伊东恒久、高橋良輔/谷口守泰,苍之流星SPT雷兹纳,38,蒼き流星SPTレイズナー,1027,7.6,63
4话/2000年6月23日,银河英雄传说外传 夺还者,4,銀河英雄伝説外伝 奪還者,1026,7.6,69
13话/1989/严定宪、林文肖、胡依红、王加世、阎善春、姚光华、沈寿林、薛梅君、彭戈/郑渊洁,舒克和贝塔,13,舒克和贝塔,1025,7.4,1030
4话/2010年11月26日/佐藤順一/佐藤順一/飯塚晴子,玉响,4,たまゆら,1064,7.4,1088
13话/1996-04-28,德克斯特的实验室 第一季,13,Dexter's Laboratory Season 1,1063,7.6,55
1话/2015年2月18日/畑博之/なもり（一迅社「コミック百合姫」連載）/谷口元浩,摇曳百合 夏日时光！,1,ゆるゆり なちゅやちゅみ!,1062,7.4,1226
12话/1999年10月6日,六翼天使之声,12,セラフィムコール,1061,7.4,159
13话/1993年11月19日/北久保弘之（8-13）→二村秀樹、古瀬登（1-7）/荒木飛呂彦/羽山淳一,JOJO的奇妙冒险,13,ジョジョの奇妙な冒険,1060,7.4,464
2话/2012年1月31日/新房昭之/久米田康治/守岡英行,再见绝望先生 Blu-ray BOX化纪念话,2,さよなら絶望先生 Blu-ray BOX化記念 完全新作話,1059,7.4,205
49话/2004年2月1日/西尾大介/東堂いづみ/稲上晃,光之美少女,49,ふたりはプリキュア,1058,7.4,291
5话/2014年8月16日/板村智幸/西尾維新『花物語』(講談社BOX)/渡辺明夫,花物语,5,花物語,1057,7.4,2465
2话/2017年7月21日/金澤洪充/氏家ト全（講談社「週刊少年マガジン」連載）,剧场版 妄想学生会,2,劇場版 生徒会役員共,1056,7.4,1259
23话/2006年2月25日/村瀬修功/Manglobe/恩田尚之,死亡代理人,23,Ergo Proxy,1055,7.4,710
48话/2011年12月23日,机动战士高达SEED HD重制版,48,機動戦士ガンダムSEED HDリマスター,1054,7.4,1125
20话/2000-11-02/StephenHillenburg,海绵宝宝第二季,20,SpongeBob SquarePants Season 2,1053,7.5,90
26话/2008年1月5日/满田拓也,棒球大联盟 第四季,26,メジャー 第4シリーズ,1052,7.5,116
12话/2009年10月8日/岡村天斎/BONES、岡村天斎,DARKER THAN BLACK -流星的双子-,12,DARKER THAN BLACK -流星の双子-,1051,7.4,3469
1话/2013年8月6日/川口敬一郎/桜場コハル/鈴木豪,南家三姐妹 夏日假期,1,みなみけ 夏やすみ,1050,7.4,680
1话/2007年4月21日/中村隆太郎/時雨沢恵一/伊藤良明,奇诺之旅 疾病之国 -为了你-,1,キノの旅 病気の国 -For You-,1049,7.4,765
13话/2011年2月23日,圣斗士星矢 THE LOST CANVAS 冥王神话 第2章,13,聖闘士星矢 THE LOST CANVAS 冥王神話 第2章,1087,7.4,406
45话/1994年10月13日/中西伸彰/加瀬政広,咕噜咕噜魔法阵,45,魔法陣グルグル,1088,7.4,220
26话/2012年1月7日,暴力宇宙海贼,26,モーレツ宇宙海賊,1086,7.4,1168
13话/2008年10月7日/中村亮介/京極夏彦/西田亜沙子,魍魉之匣,13,魍魎の匣,1085,7.4,1161
1话/2009年5月27日,1,、,天元突破グレンラガン キラメキ☆ヨーコbox ～pieces of sweet stars～,1084,7.4,173
26话/2004年11月13日/满田拓也,棒球大联盟 第一季,26,メジャー 第1シリーズ,1083,7.4,166
8话/1987年7月21日/大友克洋、森本晃司、大森英敏、梅津泰臣、北爪宏幸、大橋学、北久保弘之、なかむらたかし,机器人嘉年华,8,ロボット・カーニバル,1082,7.4,218
12话/2012年10月5日/大槻敦史/矢吹健太朗・長谷見沙貴/岡勇一,出包王女Darkness,12,To LOVEる-とらぶる-ダークネス,1081,7.4,2226
1话/1992年3月7日,大雄与云之王国,1,ドラえもん のび太と雲の王国,1080,7.4,211
1话/2007年7月28日/原恵一/木暮正夫（「かっぱ大さわぎ」「かっぱびっくり旅」より）（岩崎書店刊）,河童之夏,1,河童のクゥと夏休み,1079,7.4,621
24话/2012年10月8日,樱花庄的宠物女孩,24,さくら荘のペットな彼女,1078,7.4,6164
1话/2004年3月6日/芝山努/藤子・F・不二雄,哆啦A梦 大雄的猫狗时空传,1,ドラえもん のび太のワンニャン時空伝,1076,7.4,297
5话/2010年8月13日,东方PVD,5,東方PVD,1075,7.4,156
26话/1978年4月4日/宮崎駿/アレグザンダー・ケイ「残された人びと」/宮崎駿、大塚康生,未来少年柯南,26,未来少年コナン,1074,7.6,55
1话/2010年9月11日/川口敬一郎/西尾公伯,剧场版 快要坏掉的八音盒,1,劇場版 こわれかけのオルゴール,1073,7.4,1456
1话/2010年4月28日/伊藤尚往/尾田栄一郎/新垣重文,海贼王 强者世界 前传,1,ONE PIECE FILM STRONG WORLD EPISODE:0,1112,7.4,547
1话/2011年12月21日,龙与虎OVA 便当的精髓,1,とらドラ! OVA「弁当の極意」,1111,7.4,1973
74话/2014年4月1日,迷你偶像 2期,74,ぷちます!!‐プチプチ・アイドルマスター‐,1110,7.4,334
1话/2014-09-27,小马国女孩2：彩虹摇滚,1,My Little Pony: Equestria Girls – Rainbow Rocks,1109,7.5,51
13话/1989年12月17日,辛普森一家 第一季,13,The Simpsons Season 1,1108,7.5,67
13话/2016年1月15日/安藤裕章/桜井画門,亚人,13,亜人,1107,7.4,2984
19话/2002年2月3日/浅香守生・大橋誉志光/ブロッコリー,银河天使Z,19,ギャラクシーエンジェルZ,1106,7.5,101
14话/2002年9月26日/山賀博之/中山文十郎、ぢたま某/高村和宏,魔力女管家～更美丽的事物～,14,まほろまてぃっく 〜もっと美しいもの〜,1104,7.4,458
39话/2013年6月8日/原泰久,王者天下 第二季,39,キングダム 第2シリーズ,1105,7.4,153
2话/2008年7月17日/高松信司/小林尽/渡辺はじめ,校园迷糊大王 三学期,2,スクールランブル 三学期,1103,7.4,860
26话/2013-01-14,终极蜘蛛侠 第二季,26,Ultimate Spider-Man (Season 2),1101,7.5,51
1话/1984年3月17日,大雄的魔界大冒险,1,ドラえもん のび太の魔界大冒険,1100,7.4,225
27话/1998年4月4日/高橋和希,游戏王,27,遊☆戯☆王,1099,7.4,860
26话/2004年9月30日/小原正和/矢立肇/久行宏和,舞-HiME,26,舞-HiME,1098,7.4,1438
1话/1981年3月14日/富野喜幸、藤原良二,机动战士高达 剧场版I,1,機動戦士ガンダム,1097,7.4,310
13话/2011年4月4日,火球 魅力之章,13,ファイアボール チャーミング,1136,7.4,425
12话/2011年4月4日/大羽快,和殿下一起～眼罩之野心～,12,殿といっしょ～眼帯の野望～,1135,7.4,381
26话/2007年4月1日/草川啓造/都築真紀/奥田泰弘,魔法少女奈叶StrikerS,26,魔法少女リリカルなのはStrikerS,1134,7.4,1507
2话/2009年8月10日/今千秋/二ノ宮知子/島村秀一,交响情人梦 OAD,2,のだめカンタービレ OAD,1133,7.4,362
25话/2008年10月5日/佐山聖子/仲村佳樹,下一站巨星,25,スキップ・ビート!,1132,7.4,775
1话/2018年1月6日/石原立也/虎虎（KAエスマ文庫/京都アニメーション）/池田和美,中二病也要谈恋爱！ -Take On Me-,1,映画 中二病でも恋がしたい！ -Take On Me-,1131,7.4,1650
8话/2006年4月5日/水島努/大和田秀樹/磯野智,大魔法峠,8,大魔法峠,1130,7.4,564
1话/2009年6月23日/及川啓/桜場コハル/田中誠輝,南家三姐妹 饭后甜点,1,みなみけ べつばら,1129,7.4,994
5话/1984/戴铁郎、范马迪、熊南清/诸志祥/顾建国,5,1984,黑猫警长,1128,7.4,1073
1话/2004年11月20日/田澤潮,云之彼端，约定的地方,1,雲のむこう、約束の場所,1127,7.4,3000
12话/2007年10月26日/高橋良輔/矢立肇、高橋良輔/塩山紀生,装甲骑兵 佩鲁森档案,12,装甲騎兵ボトムズ ペールゼン・ファイルズ,1126,7.4,110
6话/2005年2月25日/伊藤尚往/秋山瑞人/倉嶋丈康,伊里野的天空、UFO的夏天,6,イリヤの空、UFOの夏,1125,7.4,1061
26话/2005年12月10日/满田拓也,棒球大联盟 第二季,26,メジャー 第2シリーズ,1124,7.4,136
26话/2007年1月6日/满田拓也,棒球大联盟 第三季,26,メジャー 第3シリーズ,1123,7.4,130
13话/1997/蔡志军,13,1997,哈哈镜花缘,1122,7.4,109
39话/1995年3月4日/武内直子/伊藤郁子,美少女战士SuperS,39,美少女戦士セーラームーンSuperS,1121,7.4,192
1话/2015-02-06(英国)/2015-07-17(中国大陆)/MarkBurton/RichardStarzak,小羊肖恩,1,Shaun the Sheep Movie,1160,7.4,97
73话/2002年10月1日,攻壳机动队 塔奇克马的日常,73,タチコマな日々,1159,7.4,572
12话/2019年7月31日/岸誠二/サンドロビッチ・ヤバ子/だろめおん（小学館「マンガワン」連載中）/森田和明,拳愿阿修罗,12,ケンガンアシュラ,1158,7.4,439
25话/2009年4月3日/岩崎良明/畑健二郎,旋风管家 第二季,25,ハヤテのごとく!!,1157,7.3,2184
12话/2015年4月5日/天衝/原悠衣/植田和幸,HELLO 黄金拼图,12,ハロー!!きんいろモザイク,1155,7.3,1432
13话/1999年4月1日/高橋ナオヒト/AQUAPLUS（アクアプラス）,13,1999年4月1日,To Heart,1156,7.4,334
3话/2014年1月1日,JOJO的奇妙冒险 总集篇,3,ジョジョの奇妙な冒険 総集編,1154,7.4,106
1话/2016年8月18日,守望先锋：最后的堡垒,1,The Last Bastion,1153,7.4,271
25话/1996年4月6日/浜津守/車田正美/井上栄作、本桥秀之,钢铁神兵B'T-X,25,B'T-X,1152,7.4,504
1话/2012年10月20日,幻想万华镜 泡沫、哀伤的桃源,1,幻想万華鏡 泡沫、哀のまほろば,1151,7.4,319
12话/2014年4月10日/橋本裕之/Koi（芳文社「まんがタイムきららMAX」連載）/奥田陽介,请问您今天要来点兔子吗？,12,ご注文はうさぎですか？,1150,7.3,3766
1话/2016年6月25日,机动战士高达 雷霆宙域 DECEMBER SKY,1,機動戦士ガンダム サンダーボルト DECEMBER SKY,1149,7.4,204
26话/2006年10月7日/大森貴弘,地狱少女 二笼,26,地獄少女 二籠,1148,7.3,1684
1话/2011年3月19日/滝口禎一/新美南吉,爷爷的煤油灯,1,おぢいさんのランプ,1147,7.4,354
2话/1987年2月28日,曙光Q,2,トワイライトQ,1146,7.4,141
2话/2012年12月3日/中村光,圣哥传 OAD,2,聖☆おにいさん OAD,1145,7.4,496
13话/2001年5月27日/高橋ナオヒト/千羽由利子,代号17,13,フィギュア17 つばさ&ヒカル,1184,7.4,76
12话/2012年4月12日/高橋裕一,钓球,12,つり球,1183,7.3,1604
12话/2018年1月8日/赤城博昭/山本崇一朗「からかい上手の高木さん」（小学館「ゲッサン」連載中）/高野綾,擅长捉弄的高木同学,12,からかい上手の高木さん,1182,7.3,2554
13话/2010年1月6日/大沼心/井上堅二/大島美和,笨蛋，测验，召唤兽,13,バカとテストと召喚獣,1181,7.3,5756
1话/2001年12月15日/篠原俊哉,犬夜叉 穿越时空的思念,1,犬夜叉 時代を越える想い,1180,7.3,663
3话/2007年4月27日/大畑晃一/峰倉かずや,最游记RELOAD 埋葬篇,3,最遊記RELOAD -burial-,1179,7.4,111
1话/2003年4月19日/こだま兼嗣/青山剛昌/須藤昌朋,名侦探柯南 迷宫的十字路口,1,名探偵コナン 迷宮の十字路,1178,7.3,2192
1话/2013年1月12日/武本康弘/西屋太志,冰菓 应该持有之物,1,氷菓 持つべきものは,1177,7.3,1518
13话/2009年6月24日/岩佐裕子,圣斗士星矢 THE LOST CANVAS 冥王神话,13,聖闘士星矢 THE LOST CANVAS 冥王神話,1176,7.3,563
50话/2002-04-07/中鶴勝祥,数码兽前线地带,50,デジモンフロンティア,1175,7.3,833
3话/1997年1月25日/青木康直/富野由悠季、矢立肇,新机动战记高达W 无尽的华尔兹,3,新機動戦記ガンダムW Endless Waltz,1174,7.4,327
13话/2015年7月17日/高雄統子,偶像大师 灰姑娘女孩 第2期,13,アイドルマスター シンデレラガールズ 2ndシーズン,1173,7.4,1162
1话/2019年1月18日/小島正幸/つくしあきひと/黄瀬和哉,来自深渊 漂泊的黄昏,1,劇場版総集編メイドインアビス【後編】放浪する黄昏,1172,7.5,52
4话/2008年11月28日/岸誠二/木村太彦/森田和明,濑户的花嫁 OVA,4,瀬戸の花嫁 OVA,1171,7.4,840
1话/1996年11月30日,怪医黑杰克 剧场版,1,ブラック・ジャック 劇場版,1170,7.5,72
13话/2012年10月1日,邻座的怪同学,13,となりの怪物くん,1169,7.3,4602
1话/2004年6月24日/謝立文/謝立文、麥家碧,麦兜菠萝油王子,1,麥兜菠蘿油王子,1208,7.4,86
48话/2018年3月29日/钟鸣/一汪空气,非人哉,48,非人哉,1207,7.4,211
39话/1995年4月7日/岡嶋国敏/池田仁男/StudioOX/鈴木典孝,十二生肖守护神,39,十二戦支 爆烈エトレンジャー,1206,7.3,443
1话/2016年4月23日,游戏王 The Dark Side of Dimensions,1,遊☆戯☆王 THE DARK SIDE OF DIMENSIONS,1205,7.3,453
24话/2018年7月5日/内海紘子/吉田秋生「BANANAFISH」（小学館フラワーコミックス刊）/林明美,战栗杀机,24,BANANA FISH,1204,7.3,792
12话/2017年10月6日/田口智久/時雨沢恵一（電撃文庫刊）/アミサキリョウコ(網嵜涼子),奇诺之旅,12,キノの旅 -the Beautiful World- the Animated Series,1203,7.3,1080
1话/1983年5月28日,骷髅13 剧场版,1,ゴルゴ13,1202,7.5,60
24话/2003年4月8日/増井壮一/榊一郎/小森高博,废弃公主,24,スクラップド・プリンセス,1201,7.3,678
1话/2000年11月18日/北久保弘之,BLOOD 最后的吸血鬼,1,BLOOD THE LAST VAMPIRE,1200,7.3,678
25话/2015年4月5日,网球优等生 第二季,25,ベイビーステップ 第2シリーズ,1199,7.4,141
33话/2011年11月11日,超兽武装之勇者无惧,33,超兽武装之勇者无惧,1198,7.4,79
1话/1928-11-18/WaltDisney/UbIwerks,汽船威利号,1,Steamboat Willie,1197,7.4,78
13话/2012年7月1日/EVERGREEN,13,2012年7月1日,TARI TARI,1196,7.3,3723
4话/2019年10月25日/多田俊介/田中芳樹,银河英雄传说 Die Neue These 星乱 第2章,4,銀河英雄伝説 Die Neue These 星乱 第2章,1195,7.4,347
4话/1998年2月10日,银河英雄传说外传 朝之梦，夜之歌,4,銀河英雄伝説外伝 朝の夢、夜の歌,1194,7.5,69
4话/1998年2月12日/田中芳樹,银河英雄传说外传 污名,4,銀河英雄伝説外伝 汚名,1193,7.4,72
2话/2018年12月28日/桜井弘明/麻生周一「斉木楠雄のΨ難」（集英社ジャンプコミックス刊）/音地正行,齐木楠雄的灾难 完结篇,2,斉木楠雄のΨ難 完結編,1232,7.3,1516
13话/2006年6月16日/高橋良輔、TEAMFLAG,13,2006年6月16日,FLAG,1231,7.3,176
13话/2007年4月6日/小林智樹/久弥直樹/古賀誠,13,2007年4月6日,sola,1230,7.3,2503
142话/1990年1月7日,樱桃小丸子,142,ちびまる子ちゃん,1229,7.3,476
12话/2000年1月5日/渡部高志/上遠野浩平,幻影死神,12,ブギーポップは笑わない Boogiepop Phantom,1227,7.4,189
16话/2005年6月29日/舛成孝二/ベサメムーチョ/千葉崇洋,神是中学生,16,かみちゅ!,1226,7.3,610
4话/2005年1月6日,对圣母玛利亚保密喔,4,マリア様にはなぃしょ,1225,7.4,72
6话/2007年10月15日,死或生VS最终幻想,6,DEAD FANTASY,1224,7.4,142
14话/2003年10月6日,你所期望的永远,14,君が望む永遠,1223,7.3,953
16话/2019年9月23日,16,2019年9月23日,万国志,1222,7.4,60
1话/1995年3月4日,大雄的创世日记,1,ドラえもん のび太の創世日記,1221,7.3,209
26话/2011年10月6日,女神异闻录4,26,Persona4 the ANIMATION,1220,7.3,2000
1话/1996年12月14日,金田一少年之事件簿 歌剧院杀人事件,1,金田一少年の事件簿・オペラ座館・新たなる殺人,1218,7.4,73
26话/2005年1月17日/四分一節子/桑田乃梨子/小林ゆかり,笨笨森林日志,26,だめっこどうぶつ,1217,7.4,81
12话/2019年1月13日,荒野的寿飞行队,12,荒野のコトブキ飛行隊,1256,7.3,968
1话/2002年3月30日/遠藤卓司/ヘッドギア,机动警察 十三号废弃物,1,WXIII 機動警察パトレイバー,1255,7.3,317
1话/2007年10月24日,茄子 带着旅行箱的候鸟,1,茄子 スーツケースの渡り鳥,1254,7.3,176
2话/2007年12月19日/塩谷直義/ProductionI.G/谷川史子,东京糖衣巧克力,2,東京マーブルチョコレート,1253,7.3,723
13话/2017年1月11日/武本康弘/クール教信者（双葉社「月刊アクション」連載中）/門脇未来,小林家的龙女仆,13,小林さんちのメイドラゴン,1252,7.3,6164
1话/2009年10月3日,宵星传说～首鸣～,1,Tales of Vesperia ～The First Strike～,1250,7.3,459
12话/2004年10月7日/松尾衡/PEACH-PIT(幻冬舎コミックス刊「月刊コミックバーズ」連載中)/石井久美,蔷薇少女,12,ローゼンメイデン,1249,7.3,2698
26话/2003年4月2日/佐藤竜雄,宇宙星路,26,宇宙のステルヴィア,1251,7.3,199
12话/2017年1月10日/夏目真悟/オノ・ナツメ,ACCA13区监察课,12,ACCA13区監察課,1248,7.3,1659
24话/2004年6月24日,库拉乌 幻之记忆,24,KURAU Phantom Memory,1247,7.3,256
10话/2015年4月19日/天衝/FrontWing/渡辺明夫,灰色的乐园,10,グリザイアの楽園,1246,7.3,1639
1话/1989年3月11日,大雄的日本诞生,1,ドラえもん のび太の日本誕生,1245,7.3,228
12话/2018年4月3日/多田俊介/田中芳樹「銀河英雄伝説」（東京創元社）/菊地洋子、寺岡巌、津島桂,银河英雄传说 Die Neue These 邂逅,12,銀河英雄伝説 Die Neue These 邂逅,1244,7.3,1055
26话/1997年10月6日/平野俊貴/平野俊貴・垣野内成美/門之園恵美,吸血姬美夕,26,吸血姫美夕,1243,7.3,215
1话/2012年3月17日/高村和宏/島田フミカネ&ProjektKagonish/高村和宏,强袭魔女 剧场版,1,ストライクウィッチーズ 劇場版,1242,7.3,774
26话/2004年10月4日,奇幻旅程,26,ファンタジックチルドレン,1241,7.4,90
7话/1992年7月23日/今川泰宏/山下明彦、小曽根正美,大铁人 地球静止之日,7,ジャイアントロボ THE ANIMATION -地球が静止する日,1280,7.4,78
7话/1992年9月25日,天地无用! 魉皇鬼,7,天地無用! 魎皇鬼,1279,7.3,103
10话/2019年1月20日/岡本英樹/Cygames/吉田南,玛娜利亚魔法学院,10,マナリアフレンズ,1278,7.3,1267
1话/1985年12月22日/押井守/押井守/天野喜孝,天使之卵,1,天使のたまご,1277,7.3,409
22话/2003年4月16日/浜崎博嗣,机魂末世录,22,TEXHNOLYZE,1276,7.3,148
25话/2016年4月3日/渡邊政治/長月達平/坂井久太,Re：从零开始的异世界生活,25,Re:ゼロから始める異世界生活,1275,7.3,7106
86话/1983年,奇探加杰特,86,Inspector Gadget,1274,7.4,55
16话/2012年4月8日/小野学/小林立、五十嵐あぐり/佐々木政勝,天才麻将少女 阿知贺篇,16,咲-Saki- 阿知賀編 episode of side-A,1273,7.3,2609
4话/1988年7月21日/垣野内成美,吸血姬美夕 OVA,4,吸血姫美夕 OVA,1272,7.3,169
12话/2020年4月3日/南川達馬/沙村広明『波よ聞いてくれ』（講談社「アフタヌーン」連載）/横田拓己,听着这电波,12,波よ聞いてくれ,1271,7.3,290
1话/2015年10月3日,苍蓝钢铁的琶音 Cadenza,1,劇場版 蒼き鋼のアルペジオ -アルス・ノヴァ- Cadenza,1270,7.3,859
12话/2010年10月5日/水島努/安部真弘（秋田書店「週刊少年チャンピオン」連載）/石川雅一,侵略！乌贼娘,12,侵略!イカ娘,1269,7.3,3329
24话/2015年4月3日,食戟之灵,24,食戟のソーマ,1268,7.3,3956
1话/1978年12月16日,鲁邦三世VS复制人,1,ルパン三世 ルパンVS複製人間,1267,7.4,79
13话/2013年1月8日/春原ロビンソン,战勇。,13,戦勇。,1266,7.3,1720
1话/2009年12月12日,人间失格 剧场版,1,人間失格 ディレクターズカット版,1265,7.3,194
1话/2014-10-23（日本）2014-11-07（美国）2015-02-28（中国大陆）/DonHall/ChrisWilliams/StevenT.Seagle、DuncanRouleau<BigHero6>,超能陆战队,1,Big Hero 6,1304,7.3,1293
3话/2004年7月24日/今石洋之、伊藤尚往、摩砂雪/永井豪,Re: 甜心战士,3,Re:キューティーハニー,1303,7.3,165
13话/2016年4月3日/長崎健司/堀越耕平「僕のヒーローアカデミア」（週刊少年ジャンプ/集英社）,我的英雄学院,13,僕のヒーローアカデミア,1302,7.3,3800
1话/2001年11月2日/彼特·道格特/大卫·斯沃曼/李·昂克里奇,怪兽电力公司,1,"Monsters, Inc.",1301,7.3,675
1话/2012年10月27日,Smile 光之美少女！绘本里的世界都不协调！,1,映画 スマイルプリキュア! 絵本の中はみんなチグハグ!,1300,7.3,146
13话/2015年7月5日,科学小飞侠Crowds insight,13,ガッチャマン クラウズ インサイト,1299,7.3,597
12话/2019年7月11日/桜井弘明/伊藤いづも/（芳文社「まんがタイムきららキャラット」連載）/大塚舞,街角魔族,12,まちカドまぞく,1298,7.3,2064
49话/1995年4月7日/池田成→高松信司（クレジットなし）/矢立肇、富野由悠季（『機動戦士ガンダム』より）,新机动战记高达W,49,新機動戦記ガンダムW,1297,7.3,932
26话/2001年4月7日/河本昇悟/藤島康介“逮捕しちゃうぞ”（讲谈社“アフタヌーンKCDX”掲载）/中嶋敦子,逮捕令 第二季,26,逮捕しちゃうぞ Second Season,1296,7.3,300
1话/2000年10月21日/合田浩章/藤島康介/松原秀典,我的女神 剧场版,1,ああっ女神さまっ,1295,7.3,299
13话/2012年10月3日/石原立也/虎虎（KAエスマ文庫/京都アニメーション）/池田和美,中二病也要谈恋爱！,13,中二病でも恋がしたい！,1294,7.3,8909
1话/2010年4月2日/桜井弘明/きゆづきさとこ/渡辺敦子,GA 艺术科美术设计班 OVA,1,GA 芸術科アートデザインクラス OVA,1293,7.3,214
8话/2008年6月16日,天元突破 Parallel Works,8,グレパラ 〜グレンラガン パラレルワークス〜,1292,7.3,115
13话/2017年10月1日,银魂. 走光篇,13,銀魂. ポロリ篇,1291,7.3,538
4话/2014-10-29/中村春菊,4,、,Hybrid Child,1290,7.3,460
13话/2011年10月1日/川上稔,境界线上的地平线,13话,境界線上のホライゾン,1289,7.3,3008
12话/2017年1月6日/上村泰/カルロ・ゼン(「幼女戦記」／KADOKAWA刊)/細越裕治,幼女战记,12,幼女戦記,1328,7.3,2077
